"","gender","match","samerace","age_o","race_o","pf_o_att","pf_o_sin","pf_o_int","pf_o_fun","pf_o_amb","pf_o_sha","dec_o","attr_o","sinc_o","intel_o","fun_o","amb_o","shar_o","like_o","prob_o","met_o","age","field_cd","race","goal","date","go_out","career_c","sports","tvsports","exercise","dining","museums","art","hiking","gaming","clubbing","reading","tv","theater","movies","concerts","music","shopping","yoga","attr1_1","sinc1_1","intel1_1","fun1_1","amb1_1","shar1_1","attr3_1","sinc3_1","fun3_1","intel3_1","amb3_1","dec"
"11",0,0,1,27,2,35,20,20,20,0,5,0,8,7,6,9,7,4,7,2,2,24,1,2,1,5,1,NA,3,2,7,10,8,6,3,5,8,10,1,9,8,7,8,3,1,45,5,25,20,0,5,7,5,10,8,3,0
"12",0,0,1,22,2,60,0,0,40,0,0,0,7,6,10,6,6,5,8,4,2,24,1,2,1,5,1,NA,3,2,7,10,8,6,3,5,8,10,1,9,8,7,8,3,1,45,5,25,20,0,5,7,5,10,8,3,0
"13",0,0,0,22,4,19,18,19,18,14,12,1,10,10,10,10,10,10,10,10,2,24,1,2,1,5,1,NA,3,2,7,10,8,6,3,5,8,10,1,9,8,7,8,3,1,45,5,25,20,0,5,7,5,10,8,3,0
"14",0,1,1,23,2,30,5,15,40,5,5,1,9,9,9,9,9,9,9,7,2,24,1,2,1,5,1,NA,3,2,7,10,8,6,3,5,8,10,1,9,8,7,8,3,1,45,5,25,20,0,5,7,5,10,8,3,1
"15",0,0,0,24,3,30,10,20,10,10,20,1,10,10,10,10,7,8,10,1,1,24,1,2,1,5,1,NA,3,2,7,10,8,6,3,5,8,10,1,9,8,7,8,3,1,45,5,25,20,0,5,7,5,10,8,3,0
"16",0,0,1,25,2,50,0,30,10,0,10,1,7,8,7,5,7,7,7,5,2,24,1,2,1,5,1,NA,3,2,7,10,8,6,3,5,8,10,1,9,8,7,8,3,1,45,5,25,20,0,5,7,5,10,8,3,0
"17",0,0,1,30,2,35,15,25,10,5,10,0,5,3,4,3,5,3,4,3,2,24,1,2,1,5,1,NA,3,2,7,10,8,6,3,5,8,10,1,9,8,7,8,3,1,45,5,25,20,0,5,7,5,10,8,3,1
"18",0,0,1,27,2,33.33,11.11,11.11,11.11,11.11,22.22,1,7,7,7,7,7,5,7,6,2,24,1,2,1,5,1,NA,3,2,7,10,8,6,3,5,8,10,1,9,8,7,8,3,1,45,5,25,20,0,5,7,5,10,8,3,0
"19",0,1,1,28,2,50,0,25,10,0,15,1,8,6,9,9,8,7,8,8,2,24,1,2,1,5,1,NA,3,2,7,10,8,6,3,5,8,10,1,9,8,7,8,3,1,45,5,25,20,0,5,7,5,10,8,3,1
"20",0,0,1,24,2,100,0,0,0,0,0,0,6,5,7,7,9,7,6,9,2,24,1,2,1,5,1,NA,3,2,7,10,8,6,3,5,8,10,1,9,8,7,8,3,1,45,5,25,20,0,5,7,5,10,8,3,1
"377",0,0,1,25,4,25,20,25,20,10,0,0,8,10,10,7,8,4,5,1,2,27,3,4,1,4,2,2,4,1,5,9,5,5,1,2,4,9,6,6,7,5,8,10,9,50,0,50,0,0,0,7,5,9,9,7,0
"378",0,0,1,30,4,30,20,10,30,0,10,0,10,10,10,10,10,NA,8,NA,2,27,3,4,1,4,2,2,4,1,5,9,5,5,1,2,4,9,6,6,7,5,8,10,9,50,0,50,0,0,0,7,5,9,9,7,0
"379",0,0,1,23,4,20,25,20,15,10,10,0,5,9,10,8,10,4,5,4,2,27,3,4,1,4,2,2,4,1,5,9,5,5,1,2,4,9,6,6,7,5,8,10,9,50,0,50,0,0,0,7,5,9,9,7,0
"380",0,0,0,24,2,25,35,30,10,0,0,0,5,6,7,4,4,3,6,1,2,27,3,4,1,4,2,2,4,1,5,9,5,5,1,2,4,9,6,6,7,5,8,10,9,50,0,50,0,0,0,7,5,9,9,7,0
"381",0,0,0,24,2,25,15,25,25,15,15,1,7,6,6,7,7,8,9,8,2,27,3,4,1,4,2,2,4,1,5,9,5,5,1,2,4,9,6,6,7,5,8,10,9,50,0,50,0,0,0,7,5,9,9,7,0
"382",0,0,0,28,2,25,15,25,15,0,20,1,9,8,8,8,8,7,7,7,2,27,3,4,1,4,2,2,4,1,5,9,5,5,1,2,4,9,6,6,7,5,8,10,9,50,0,50,0,0,0,7,5,9,9,7,0
"383",0,0,0,26,2,20,35,20,10,10,5,1,8,9,8,7,10,7,8,7,2,27,3,4,1,4,2,2,4,1,5,9,5,5,1,2,4,9,6,6,7,5,8,10,9,50,0,50,0,0,0,7,5,9,9,7,0
"384",0,0,0,30,2,20,20,25,25,5,5,1,5,7,7,6,5,5,6,4,2,27,3,4,1,4,2,2,4,1,5,9,5,5,1,2,4,9,6,6,7,5,8,10,9,50,0,50,0,0,0,7,5,9,9,7,0
"385",0,0,0,22,2,30,15,25,25,5,0,0,5,6,8,5,8,3,4,3,2,27,3,4,1,4,2,2,4,1,5,9,5,5,1,2,4,9,6,6,7,5,8,10,9,50,0,50,0,0,0,7,5,9,9,7,0
"386",0,0,1,25,4,20,20,20,20,5,15,1,7,7,8,7,7,6,6,3,2,27,3,4,1,4,2,2,4,1,5,9,5,5,1,2,4,9,6,6,7,5,8,10,9,50,0,50,0,0,0,7,5,9,9,7,0
"387",0,0,0,27,1,35,10,20,15,10,10,1,NA,NA,NA,NA,NA,NA,7,7,2,27,3,4,1,4,2,2,4,1,5,9,5,5,1,2,4,9,6,6,7,5,8,10,9,50,0,50,0,0,0,7,5,9,9,7,0
"388",0,0,0,23,2,25,10,35,15,0,15,0,8,7,7,9,5,4,8,1,2,27,3,4,1,4,2,2,4,1,5,9,5,5,1,2,4,9,6,6,7,5,8,10,9,50,0,50,0,0,0,7,5,9,9,7,0
"389",0,0,0,21,2,15,20,15,30,5,15,1,6,7,7,7,6,5,7,3,2,27,3,4,1,4,2,2,4,1,5,9,5,5,1,2,4,9,6,6,7,5,8,10,9,50,0,50,0,0,0,7,5,9,9,7,0
"390",0,0,0,28,2,40,15,20,10,5,10,1,8,9,9,8,9,7,7,7,2,27,3,4,1,4,2,2,4,1,5,9,5,5,1,2,4,9,6,6,7,5,8,10,9,50,0,50,0,0,0,7,5,9,9,7,0
"391",0,0,0,28,2,40,20,20,20,0,0,1,7,8,8,7,8,6,7,5,2,27,3,4,1,4,2,2,4,1,5,9,5,5,1,2,4,9,6,6,7,5,8,10,9,50,0,50,0,0,0,7,5,9,9,7,0
"392",0,0,0,23,1,20,25,25,10,10,10,0,6,8,10,8,7,7,8,7,2,27,3,4,1,4,2,2,4,1,5,9,5,5,1,2,4,9,6,6,7,5,8,10,9,50,0,50,0,0,0,7,5,9,9,7,0
"393",0,0,0,25,4,25,20,25,20,10,0,0,6,10,10,8,5,3,6,1,2,30,3,2,6,6,1,6,4,6,10,7,8,6,6,8,6,10,10,8,8,6,6,7,9,30,20,30,10,0,10,6,8,6,8,8,1
"394",0,0,0,30,4,30,20,10,30,0,10,1,10,10,10,10,10,NA,8,NA,2,30,3,2,6,6,1,6,4,6,10,7,8,6,6,8,6,10,10,8,8,6,6,7,9,30,20,30,10,0,10,6,8,6,8,8,0
"395",0,0,0,23,4,20,25,20,15,10,10,0,6,10,10,8,10,6,6,2,2,30,3,2,6,6,1,6,4,6,10,7,8,6,6,8,6,10,10,8,8,6,6,7,9,30,20,30,10,0,10,6,8,6,8,8,0
"396",0,0,1,24,2,25,35,30,10,0,0,0,4,4,7,3,6,4,4,3,2,30,3,2,6,6,1,6,4,6,10,7,8,6,6,8,6,10,10,8,8,6,6,7,9,30,20,30,10,0,10,6,8,6,8,8,1
"397",0,0,1,24,2,25,15,25,25,15,15,1,6,7,7,6,6,8,6,6,2,30,3,2,6,6,1,6,4,6,10,7,8,6,6,8,6,10,10,8,8,6,6,7,9,30,20,30,10,0,10,6,8,6,8,8,0
"398",0,0,1,28,2,25,15,25,15,0,20,0,6,5,7,5,7,5,6,7,2,30,3,2,6,6,1,6,4,6,10,7,8,6,6,8,6,10,10,8,8,6,6,7,9,30,20,30,10,0,10,6,8,6,8,8,0
"399",0,0,1,26,2,20,35,20,10,10,5,0,6,8,7,8,8,8,7,5,2,30,3,2,6,6,1,6,4,6,10,7,8,6,6,8,6,10,10,8,8,6,6,7,9,30,20,30,10,0,10,6,8,6,8,8,0
"400",0,0,1,30,2,20,20,25,25,5,5,1,5,6,7,6,6,3,6,6,2,30,3,2,6,6,1,6,4,6,10,7,8,6,6,8,6,10,10,8,8,6,6,7,9,30,20,30,10,0,10,6,8,6,8,8,0
"401",0,0,1,22,2,30,15,25,25,5,0,0,5,8,8,5,NA,3,5,5,2,30,3,2,6,6,1,6,4,6,10,7,8,6,6,8,6,10,10,8,8,6,6,7,9,30,20,30,10,0,10,6,8,6,8,8,1
"402",0,0,0,25,4,20,20,20,20,5,15,1,7,7,8,8,8,7,8,6,2,30,3,2,6,6,1,6,4,6,10,7,8,6,6,8,6,10,10,8,8,6,6,7,9,30,20,30,10,0,10,6,8,6,8,8,0
"403",0,0,0,27,1,35,10,20,15,10,10,0,6,8,8,8,8,5,7,7,2,30,3,2,6,6,1,6,4,6,10,7,8,6,6,8,6,10,10,8,8,6,6,7,9,30,20,30,10,0,10,6,8,6,8,8,1
"404",0,0,1,23,2,25,10,35,15,0,15,0,6,9,8,6,5,4,6,6,2,30,3,2,6,6,1,6,4,6,10,7,8,6,6,8,6,10,10,8,8,6,6,7,9,30,20,30,10,0,10,6,8,6,8,8,0
"405",0,0,1,21,2,15,20,15,30,5,15,0,5,7,6,6,6,6,5,3,2,30,3,2,6,6,1,6,4,6,10,7,8,6,6,8,6,10,10,8,8,6,6,7,9,30,20,30,10,0,10,6,8,6,8,8,1
"406",0,0,1,28,2,40,15,20,10,5,10,0,7,9,9,7,9,7,7,8,2,30,3,2,6,6,1,6,4,6,10,7,8,6,6,8,6,10,10,8,8,6,6,7,9,30,20,30,10,0,10,6,8,6,8,8,0
"407",0,0,1,28,2,40,20,20,20,0,0,0,5,8,8,7,7,7,6,5,2,30,3,2,6,6,1,6,4,6,10,7,8,6,6,8,6,10,10,8,8,6,6,7,9,30,20,30,10,0,10,6,8,6,8,8,0
"408",0,0,0,23,1,20,25,25,10,10,10,0,6,9,9,8,8,7,8,7,2,30,3,2,6,6,1,6,4,6,10,7,8,6,6,8,6,10,10,8,8,6,6,7,9,30,20,30,10,0,10,6,8,6,8,8,0
"473",0,0,0,25,4,25,20,25,20,10,0,0,8,9,10,9,10,7,3,1,2,23,1,1,1,4,3,1,7,2,7,10,2,2,7,4,7,2,8,8,10,10,10,10,2,50,10,20,10,10,0,8,2,7,8,8,0
"474",0,0,0,30,4,30,20,10,30,0,10,0,5,5,5,5,5,NA,NA,NA,2,23,1,1,1,4,3,1,7,2,7,10,2,2,7,4,7,2,8,8,10,10,10,10,2,50,10,20,10,10,0,8,2,7,8,8,0
"475",0,0,0,23,4,20,25,20,15,10,10,0,6,10,9,8,10,NA,8,5,2,23,1,1,1,4,3,1,7,2,7,10,2,2,7,4,7,2,8,8,10,10,10,10,2,50,10,20,10,10,0,8,2,7,8,8,0
"476",0,0,0,24,2,25,35,30,10,0,0,0,4,6,7,6,7,2,5,2,2,23,1,1,1,4,3,1,7,2,7,10,2,2,7,4,7,2,8,8,10,10,10,10,2,50,10,20,10,10,0,8,2,7,8,8,0
"477",0,0,0,24,2,25,15,25,25,15,15,1,7,6,6,7,6,5,7,6,2,23,1,1,1,4,3,1,7,2,7,10,2,2,7,4,7,2,8,8,10,10,10,10,2,50,10,20,10,10,0,8,2,7,8,8,0
"478",0,0,0,28,2,25,15,25,15,0,20,1,6,6,7,9,7,7,7,7,2,23,1,1,1,4,3,1,7,2,7,10,2,2,7,4,7,2,8,8,10,10,10,10,2,50,10,20,10,10,0,8,2,7,8,8,0
"479",0,0,0,26,2,20,35,20,10,10,5,1,8,8,8,10,8,7,8,5,2,23,1,1,1,4,3,1,7,2,7,10,2,2,7,4,7,2,8,8,10,10,10,10,2,50,10,20,10,10,0,8,2,7,8,8,0
"480",0,0,0,30,2,20,20,25,25,5,5,1,6,7,7,6,6,6,6,5,2,23,1,1,1,4,3,1,7,2,7,10,2,2,7,4,7,2,8,8,10,10,10,10,2,50,10,20,10,10,0,8,2,7,8,8,0
"481",0,0,0,22,2,30,15,25,25,5,0,0,7,7,7,8,NA,6,8,4,2,23,1,1,1,4,3,1,7,2,7,10,2,2,7,4,7,2,8,8,10,10,10,10,2,50,10,20,10,10,0,8,2,7,8,8,1
"482",0,1,0,25,4,20,20,20,20,5,15,1,8,7,7,8,8,4,8,6,2,23,1,1,1,4,3,1,7,2,7,10,2,2,7,4,7,2,8,8,10,10,10,10,2,50,10,20,10,10,0,8,2,7,8,8,1
"483",0,1,1,27,1,35,10,20,15,10,10,1,NA,NA,NA,NA,NA,NA,7,8,1,23,1,1,1,4,3,1,7,2,7,10,2,2,7,4,7,2,8,8,10,10,10,10,2,50,10,20,10,10,0,8,2,7,8,8,1
"484",0,0,0,23,2,25,10,35,15,0,15,0,6,8,8,6,7,7,8,6,1,23,1,1,1,4,3,1,7,2,7,10,2,2,7,4,7,2,8,8,10,10,10,10,2,50,10,20,10,10,0,8,2,7,8,8,0
"485",0,0,0,21,2,15,20,15,30,5,15,0,7,7,7,7,7,5,5,3,2,23,1,1,1,4,3,1,7,2,7,10,2,2,7,4,7,2,8,8,10,10,10,10,2,50,10,20,10,10,0,8,2,7,8,8,0
"486",0,0,0,28,2,40,15,20,10,5,10,0,6,9,9,8,9,6,6,6,2,23,1,1,1,4,3,1,7,2,7,10,2,2,7,4,7,2,8,8,10,10,10,10,2,50,10,20,10,10,0,8,2,7,8,8,0
"487",0,0,0,28,2,40,20,20,20,0,0,0,6,8,9,7,8,6,6,3,2,23,1,1,1,4,3,1,7,2,7,10,2,2,7,4,7,2,8,8,10,10,10,10,2,50,10,20,10,10,0,8,2,7,8,8,0
"488",0,1,1,23,1,20,25,25,10,10,10,1,8,10,10,10,10,10,10,10,1,23,1,1,1,4,3,1,7,2,7,10,2,2,7,4,7,2,8,8,10,10,10,10,2,50,10,20,10,10,0,8,2,7,8,8,1
"695",1,0,0,21,4,12,18,20,16,16,18,0,5,7,7,7,7,6,6,1,2,27,1,1,6,6,2,1,10,10,3,8,5,3,4,3,10,5,6,8,10,7,10,6,2,35,10,20,15,10,10,8,9,9,10,8,0
"696",1,0,1,27,1,20,20,20,10,10,20,1,5,6,7,7,7,7,6,6,2,27,1,1,6,6,2,1,10,10,3,8,5,3,4,3,10,5,6,8,10,7,10,6,2,35,10,20,15,10,10,8,9,9,10,8,0
"697",1,0,0,21,4,10,20,40,10,10,10,1,6,6,7,8,8,7,7,5,2,27,1,1,6,6,2,1,10,10,3,8,5,3,4,3,10,5,6,8,10,7,10,6,2,35,10,20,15,10,10,8,9,9,10,8,0
"698",1,0,0,27,2,10,20,20,15,20,15,0,6,8,NA,8,NA,NA,7,7,2,27,1,1,6,6,2,1,10,10,3,8,5,3,4,3,10,5,6,8,10,7,10,6,2,35,10,20,15,10,10,8,9,9,10,8,1
"699",1,0,0,25,2,20,20,15,15,15,15,0,9,8,9,8,10,7,8,7,2,27,1,1,6,6,2,1,10,10,3,8,5,3,4,3,10,5,6,8,10,7,10,6,2,35,10,20,15,10,10,8,9,9,10,8,1
"700",1,0,0,23,2,20,20,20,15,15,10,0,7,6,6,7,6,6,8,5,2,27,1,1,6,6,2,1,10,10,3,8,5,3,4,3,10,5,6,8,10,7,10,6,2,35,10,20,15,10,10,8,9,9,10,8,1
"701",1,1,0,22,3,17,10,18,20,25,10,1,6,5,6,7,8,4,4,4,2,27,1,1,6,6,2,1,10,10,3,8,5,3,4,3,10,5,6,8,10,7,10,6,2,35,10,20,15,10,10,8,9,9,10,8,1
"702",1,0,0,26,2,NA,NA,NA,NA,NA,NA,0,5,8,9,5,8,6,3,5,2,27,1,1,6,6,2,1,10,10,3,8,5,3,4,3,10,5,6,8,10,7,10,6,2,35,10,20,15,10,10,8,9,9,10,8,0
"703",1,0,0,22,2,20,22,18,15,15,10,1,7,7,7,7,7,NA,7,5,2,27,1,1,6,6,2,1,10,10,3,8,5,3,4,3,10,5,6,8,10,7,10,6,2,35,10,20,15,10,10,8,9,9,10,8,0
"704",1,0,0,23,2,10,20,20,20,20,10,1,7,7,8,8,7,7,8,4,2,27,1,1,6,6,2,1,10,10,3,8,5,3,4,3,10,5,6,8,10,7,10,6,2,35,10,20,15,10,10,8,9,9,10,8,0
"705",1,1,0,24,2,35,10,20,20,10,5,1,9,7,8,9,8,8,9,9,1,27,1,1,6,6,2,1,10,10,3,8,5,3,4,3,10,5,6,8,10,7,10,6,2,35,10,20,15,10,10,8,9,9,10,8,1
"706",1,0,0,27,4,50,0,50,0,0,0,0,7,8,8,9,8,4,6,3,2,27,1,1,6,6,2,1,10,10,3,8,5,3,4,3,10,5,6,8,10,7,10,6,2,35,10,20,15,10,10,8,9,9,10,8,1
"707",1,0,0,30,2,30,20,30,10,0,10,1,7,9,7,7,10,5,7,3,2,27,1,1,6,6,2,1,10,10,3,8,5,3,4,3,10,5,6,8,10,7,10,6,2,35,10,20,15,10,10,8,9,9,10,8,0
"708",1,0,0,21,4,30,5,30,15,15,5,0,4,4,6,6,7,4,5,5,2,27,1,1,6,6,2,1,10,10,3,8,5,3,4,3,10,5,6,8,10,7,10,6,2,35,10,20,15,10,10,8,9,9,10,8,1
"709",1,1,0,25,2,20,23,23,22,7,5,1,6,8,8,10,8,9,8,10,2,27,1,1,6,6,2,1,10,10,3,8,5,3,4,3,10,5,6,8,10,7,10,6,2,35,10,20,15,10,10,8,9,9,10,8,1
"710",1,0,0,26,2,20,25,20,15,15,5,0,5,4,8,5,8,3,5,3,2,27,1,1,6,6,2,1,10,10,3,8,5,3,4,3,10,5,6,8,10,7,10,6,2,35,10,20,15,10,10,8,9,9,10,8,0
"711",1,0,0,27,2,10,10,30,25,10,15,1,6,3,6,8,4,4,5,4,2,27,1,1,6,6,2,1,10,10,3,8,5,3,4,3,10,5,6,8,10,7,10,6,2,35,10,20,15,10,10,8,9,9,10,8,0
"712",1,1,1,23,1,50,10,20,10,10,0,1,8,8,8,9,9,7,7,6,1,27,1,1,6,6,2,1,10,10,3,8,5,3,4,3,10,5,6,8,10,7,10,6,2,35,10,20,15,10,10,8,9,9,10,8,1
"713",1,0,0,24,3,20,20,20,15,15,10,1,5,6,8,10,8,NA,7,5,2,27,1,1,6,6,2,1,10,10,3,8,5,3,4,3,10,5,6,8,10,7,10,6,2,35,10,20,15,10,10,8,9,9,10,8,0
"849",0,1,0,29,3,20,25,15,15,53,20,1,5,8,7,8,8,6,6,6,2,29,3,6,4,6,2,6,3,1,9,9,5,5,3,1,5,5,2,10,7,6,9,5,5,5,20,25,15,15,20,7,9,9,9,9,1
"850",0,0,1,22,6,20,15,20,20,5,10,0,6,6,5,10,7,6,6,5,2,29,3,6,4,6,2,6,3,1,9,9,5,5,3,1,5,5,2,10,7,6,9,5,5,5,20,25,15,15,20,7,9,9,9,9,0
"851",0,0,0,27,1,21,17,22,20,8,13,0,3,6,5,4,6,4,4,5,2,29,3,6,4,6,2,6,3,1,9,9,5,5,3,1,5,5,2,10,7,6,9,5,5,5,20,25,15,15,20,7,9,9,9,9,0
"852",0,0,0,28,2,50,10,30,10,0,0,0,4,7,7,4,4,NA,3,3,2,29,3,6,4,6,2,6,3,1,9,9,5,5,3,1,5,5,2,10,7,6,9,5,5,5,20,25,15,15,20,7,9,9,9,9,1
"853",0,0,0,26,2,25,10,20,20,15,10,0,6,6,6,8,6,5,7,2,2,29,3,6,4,6,2,6,3,1,9,9,5,5,3,1,5,5,2,10,7,6,9,5,5,5,20,25,15,15,20,7,9,9,9,9,0
"854",0,0,0,21,2,60,15,0,15,0,10,0,4,8,6,6,5,1,2,0,2,29,3,6,4,6,2,6,3,1,9,9,5,5,3,1,5,5,2,10,7,6,9,5,5,5,20,25,15,15,20,7,9,9,9,9,0
"855",0,0,0,22,2,21,20,19,20,10,10,0,5,8,7,6,5,5,5,6,2,29,3,6,4,6,2,6,3,1,9,9,5,5,3,1,5,5,2,10,7,6,9,5,5,5,20,25,15,15,20,7,9,9,9,9,0
"856",0,0,0,22,2,30,10,20,30,0,10,0,4,7,6,6,7,5,5,7,2,29,3,6,4,6,2,6,3,1,9,9,5,5,3,1,5,5,2,10,7,6,9,5,5,5,20,25,15,15,20,7,9,9,9,9,1
"857",0,0,0,25,2,30,0,30,30,10,0,0,6,8,8,7,7,5,5,1,2,29,3,6,4,6,2,6,3,1,9,9,5,5,3,1,5,5,2,10,7,6,9,5,5,5,20,25,15,15,20,7,9,9,9,9,1
"858",0,0,1,24,6,20,20,20,20,10,10,1,5,6,7,6,5,5,5,5,2,29,3,6,4,6,2,6,3,1,9,9,5,5,3,1,5,5,2,10,7,6,9,5,5,5,20,25,15,15,20,7,9,9,9,9,0
"869",0,0,1,29,3,20,25,15,15,53,20,1,9,8,8,8,7,5,8,5,2,26,1,3,2,7,2,1,8,5,7,8,6,6,7,7,7,7,3,2,9,7,9,9,2,30,10,20,20,10,10,9,9,9,9,9,0
"870",0,1,0,22,6,20,15,20,20,5,10,1,10,10,10,10,10,10,10,10,1,26,1,3,2,7,2,1,8,5,7,8,6,6,7,7,7,7,3,2,9,7,9,9,2,30,10,20,20,10,10,9,9,9,9,9,1
"871",0,0,0,27,1,21,17,22,20,8,13,1,8,7,6,5,5,4,7,3,2,26,1,3,2,7,2,1,8,5,7,8,6,6,7,7,7,7,3,2,9,7,9,9,2,30,10,20,20,10,10,9,9,9,9,9,0
"872",0,1,0,28,2,50,10,30,10,0,0,1,8,6,8,6,7,NA,7,4,2,26,1,3,2,7,2,1,8,5,7,8,6,6,7,7,7,7,3,2,9,7,9,9,2,30,10,20,20,10,10,9,9,9,9,9,1
"873",0,0,0,26,2,25,10,20,20,15,10,0,8,6,7,5,6,7,7,2,2,26,1,3,2,7,2,1,8,5,7,8,6,6,7,7,7,7,3,2,9,7,9,9,2,30,10,20,20,10,10,9,9,9,9,9,0
"874",0,0,0,21,2,60,15,0,15,0,10,0,10,6,8,10,6,NA,9,0,2,26,1,3,2,7,2,1,8,5,7,8,6,6,7,7,7,7,3,2,9,7,9,9,2,30,10,20,20,10,10,9,9,9,9,9,0
"875",0,0,0,22,2,21,20,19,20,10,10,1,7,7,7,7,7,7,7,5,2,26,1,3,2,7,2,1,8,5,7,8,6,6,7,7,7,7,3,2,9,7,9,9,2,30,10,20,20,10,10,9,9,9,9,9,0
"876",0,0,0,22,2,30,10,20,30,0,10,1,7,7,7,6,5,5,7,6,2,26,1,3,2,7,2,1,8,5,7,8,6,6,7,7,7,7,3,2,9,7,9,9,2,30,10,20,20,10,10,9,9,9,9,9,0
"877",0,1,0,25,2,30,0,30,30,10,0,1,10,9,9,9,7,8,9,6,2,26,1,3,2,7,2,1,8,5,7,8,6,6,7,7,7,7,3,2,9,7,9,9,2,30,10,20,20,10,10,9,9,9,9,9,1
"878",0,0,0,24,6,20,20,20,20,10,10,1,6,5,6,4,5,5,6,5,2,26,1,3,2,7,2,1,8,5,7,8,6,6,7,7,7,7,3,2,9,7,9,9,2,30,10,20,20,10,10,9,9,9,9,9,0
"959",1,0,1,23,2,17,18,18,15,17,15,0,3,10,8,6,7,7,5,10,2,21,1,2,5,6,2,14,9,10,6,4,3,3,7,6,7,7,8,3,10,6,8,2,1,60,15,0,15,0,10,6,8,8,10,10,1
"960",1,1,1,22,2,10,20,20,20,15,15,1,10,9,9,8,8,7,8,7,2,21,1,2,5,6,2,14,9,10,6,4,3,3,7,6,7,7,8,3,10,6,8,2,1,60,15,0,15,0,10,6,8,8,10,10,1
"961",1,1,0,NA,NA,NA,NA,NA,NA,NA,NA,1,6,8,9,5,9,7,7,9,2,21,1,2,5,6,2,14,9,10,6,4,3,3,7,6,7,7,8,3,10,6,8,2,1,60,15,0,15,0,10,6,8,8,10,10,1
"962",1,0,0,NA,NA,NA,NA,NA,NA,NA,NA,0,NA,NA,NA,NA,NA,NA,NA,NA,NA,21,1,2,5,6,2,14,9,10,6,4,3,3,7,6,7,7,8,3,10,6,8,2,1,60,15,0,15,0,10,6,8,8,10,10,0
"963",1,0,0,29,6,5,20,25,15,15,20,0,2,10,10,1,7,2,3,1,2,21,1,2,5,6,2,14,9,10,6,4,3,3,7,6,7,7,8,3,10,6,8,2,1,60,15,0,15,0,10,6,8,8,10,10,0
"964",1,1,1,28,2,15,15,20,15,15,20,1,6,9,8,8,8,5,6,4,2,21,1,2,5,6,2,14,9,10,6,4,3,3,7,6,7,7,8,3,10,6,8,2,1,60,15,0,15,0,10,6,8,8,10,10,1
"965",1,0,0,26,3,30,10,20,20,10,10,0,7,8,8,7,8,8,8,8,2,21,1,2,5,6,2,14,9,10,6,4,3,3,7,6,7,7,8,3,10,6,8,2,1,60,15,0,15,0,10,6,8,8,10,10,0
"966",1,0,0,24,4,5,15,45,25,0,10,0,1,7,5,3,5,1,1,1,2,21,1,2,5,6,2,14,9,10,6,4,3,3,7,6,7,7,8,3,10,6,8,2,1,60,15,0,15,0,10,6,8,8,10,10,0
"967",1,0,0,27,4,10,25,25,10,10,20,1,5,6,6,4,7,5,6,4,2,21,1,2,5,6,2,14,9,10,6,4,3,3,7,6,7,7,8,3,10,6,8,2,1,60,15,0,15,0,10,6,8,8,10,10,0
"968",1,0,0,23,6,17,17,17,17,17,15,0,5,7,7,5,7,5,5,4,2,21,1,2,5,6,2,14,9,10,6,4,3,3,7,6,7,7,8,3,10,6,8,2,1,60,15,0,15,0,10,6,8,8,10,10,1
"1279",0,0,0,28,4,20,20,20,10,10,20,1,9,8,8,8,8,5,7,5,2,25,1,6,1,3,2,1,4,2,5,7,7,5,7,3,5,7,7,10,8,8,7,6,2,15,3,50,20,2,10,6,7,7,9,8,0
"1280",0,0,0,26,2,18,18,18,19,13,14,1,7,7,8,7,8,7,7,6,2,25,1,6,1,3,2,1,4,2,5,7,7,5,7,3,5,7,7,10,8,8,7,6,2,15,3,50,20,2,10,6,7,7,9,8,0
"1281",0,0,0,26,3,10,20,20,22,6,22,1,8,8,8,8,8,7,8,7,2,25,1,6,1,3,2,1,4,2,5,7,7,5,7,3,5,7,7,10,8,8,7,6,2,15,3,50,20,2,10,6,7,7,9,8,0
"1282",0,1,0,29,2,50,7,20,23,0,0,1,8,8,8,8,9,6,8,5,2,25,1,6,1,3,2,1,4,2,5,7,7,5,7,3,5,7,7,10,8,8,7,6,2,15,3,50,20,2,10,6,7,7,9,8,1
"1283",0,0,0,39,2,40,20,15,20,0,5,1,10,10,10,NA,NA,NA,10,3,2,25,1,6,1,3,2,1,4,2,5,7,7,5,7,3,5,7,7,10,8,8,7,6,2,15,3,50,20,2,10,6,7,7,9,8,0
"1284",0,1,0,28,2,30,30,20,10,10,0,1,9,8,8,7,8,8,9,9,1,25,1,6,1,3,2,1,4,2,5,7,7,5,7,3,5,7,7,10,8,8,7,6,2,15,3,50,20,2,10,6,7,7,9,8,1
"1285",0,0,1,30,6,20,25,25,15,5,10,1,9,7,9,9,9,8,9,5,2,25,1,6,1,3,2,1,4,2,5,7,7,5,7,3,5,7,7,10,8,8,7,6,2,15,3,50,20,2,10,6,7,7,9,8,0
"1286",0,0,0,22,4,40,8,10,12,10,20,1,8,7,7,8,NA,NA,8,6,2,25,1,6,1,3,2,1,4,2,5,7,7,5,7,3,5,7,7,10,8,8,7,6,2,15,3,50,20,2,10,6,7,7,9,8,0
"1287",0,0,0,32,2,30,10,30,20,10,0,1,7,7,8,8,10,7,8,7,2,25,1,6,1,3,2,1,4,2,5,7,7,5,7,3,5,7,7,10,8,8,7,6,2,15,3,50,20,2,10,6,7,7,9,8,0
"1288",0,1,0,26,2,40,5,20,10,10,15,1,8,8,8,8,8,8,8,6,2,25,1,6,1,3,2,1,4,2,5,7,7,5,7,3,5,7,7,10,8,8,7,6,2,15,3,50,20,2,10,6,7,7,9,8,1
"1289",0,0,0,27,2,20,15,25,15,20,5,0,8,7,7,6,8,6,7,5,2,25,1,6,1,3,2,1,4,2,5,7,7,5,7,3,5,7,7,10,8,8,7,6,2,15,3,50,20,2,10,6,7,7,9,8,1
"1290",0,1,0,25,1,30,15,20,20,0,5,1,8,8,10,9,7,7,8,10,1,25,1,6,1,3,2,1,4,2,5,7,7,5,7,3,5,7,7,10,8,8,7,6,2,15,3,50,20,2,10,6,7,7,9,8,1
"1291",0,1,0,22,3,10,20,35,10,5,20,1,10,10,10,10,10,10,10,6,2,25,1,6,1,3,2,1,4,2,5,7,7,5,7,3,5,7,7,10,8,8,7,6,2,15,3,50,20,2,10,6,7,7,9,8,1
"1292",0,1,0,21,2,19,24,21,23,5,8,1,8,9,8,8,8,7,9,9,2,25,1,6,1,3,2,1,4,2,5,7,7,5,7,3,5,7,7,10,8,8,7,6,2,15,3,50,20,2,10,6,7,7,9,8,1
"1293",0,0,0,24,2,10,20,35,20,0,15,1,8,7,7,9,8,4,7,5,2,25,1,6,1,3,2,1,4,2,5,7,7,5,7,3,5,7,7,10,8,8,7,6,2,15,3,50,20,2,10,6,7,7,9,8,0
"1294",0,1,0,25,4,15,10,30,10,5,30,1,10,10,8,7,8,5,7,5,2,25,1,6,1,3,2,1,4,2,5,7,7,5,7,3,5,7,7,10,8,8,7,6,2,15,3,50,20,2,10,6,7,7,9,8,1
"1295",0,1,0,28,2,20,20,15,15,5,25,1,8,8,8,7,8,NA,6,4,2,25,1,6,1,3,2,1,4,2,5,7,7,5,7,3,5,7,7,10,8,8,7,6,2,15,3,50,20,2,10,6,7,7,9,8,1
"1296",0,0,0,27,4,20,20,20,20,10,10,0,8,7,8,5,6,6,7,5,2,25,1,6,1,3,2,1,4,2,5,7,7,5,7,3,5,7,7,10,8,8,7,6,2,15,3,50,20,2,10,6,7,7,9,8,0
"1717",0,0,0,22,6,40,15,10,20,5,10,1,9,9,8,7,8,7,8,6,2,19,16,3,1,3,1,1,8,5,8,9,9,9,5,8,10,9,5,10,9,10,10,7,8,50,15,10,10,10,5,8,10,10,10,10,0
"1718",0,0,0,18,4,50,10,20,5,5,10,0,6,4,5,6,7,7,5,2,2,19,16,3,1,3,1,1,8,5,8,9,9,9,5,8,10,9,5,10,9,10,10,7,8,50,15,10,10,10,5,8,10,10,10,10,1
"1719",0,0,0,22,4,40,10,10,10,10,20,1,9,8,4,5,3,2,7,7,2,19,16,3,1,3,1,1,8,5,8,9,9,9,5,8,10,9,5,10,9,10,10,7,8,50,15,10,10,10,5,8,10,10,10,10,0
"1720",0,1,0,21,2,20,15,20,15,12,18,1,8,8,6,6,6,7,7,8,2,19,16,3,1,3,1,1,8,5,8,9,9,9,5,8,10,9,5,10,9,10,10,7,8,50,15,10,10,10,5,8,10,10,10,10,1
"1721",0,0,0,22,2,25,40,15,10,5,5,1,6,9,8,9,7,7,7,7,2,19,16,3,1,3,1,1,8,5,8,9,9,9,5,8,10,9,5,10,9,10,10,7,8,50,15,10,10,10,5,8,10,10,10,10,0
"1722",0,1,0,22,2,25,25,25,15,5,5,1,9,8,8,6,7,3,8,7,2,19,16,3,1,3,1,1,8,5,8,9,9,9,5,8,10,9,5,10,9,10,10,7,8,50,15,10,10,10,5,8,10,10,10,10,1
"1723",0,1,0,21,2,40,15,10,20,10,5,1,9,8,9,7,8,8,8,7,2,19,16,3,1,3,1,1,8,5,8,9,9,9,5,8,10,9,5,10,9,10,10,7,8,50,15,10,10,10,5,8,10,10,10,10,1
"1724",0,1,0,NA,2,40,20,20,20,NA,NA,1,10,10,10,10,9,NA,10,8,2,19,16,3,1,3,1,1,8,5,8,9,9,9,5,8,10,9,5,10,9,10,10,7,8,50,15,10,10,10,5,8,10,10,10,10,1
"1725",0,1,0,20,4,80,10,10,NA,NA,NA,1,7,6,6,6,6,6,8,3,2,19,16,3,1,3,1,1,8,5,8,9,9,9,5,8,10,9,5,10,9,10,10,7,8,50,15,10,10,10,5,8,10,10,10,10,1
"1726",0,0,0,19,4,25,10,20,20,10,15,0,6,6,6,6,6,6,6,1,2,19,16,3,1,3,1,1,8,5,8,9,9,9,5,8,10,9,5,10,9,10,10,7,8,50,15,10,10,10,5,8,10,10,10,10,0
"1737",0,0,0,22,6,40,15,10,20,5,10,0,6,9,8,7,6,6,7,7,2,21,3,2,5,7,1,2,2,2,6,10,6,10,6,4,7,7,8,10,10,10,10,10,4,35,15,5,30,15,0,2,9,9,7,9,1
"1738",0,0,0,18,4,50,10,20,5,5,10,0,5,4,5,4,5,4,3,1,2,21,3,2,5,7,1,2,2,2,6,10,6,10,6,4,7,7,8,10,10,10,10,10,4,35,15,5,30,15,0,2,9,9,7,9,1
"1739",0,0,0,22,4,40,10,10,10,10,20,1,2,7,9,6,7,7,7,7,2,21,3,2,5,7,1,2,2,2,6,10,6,10,6,4,7,7,8,10,10,10,10,10,4,35,15,5,30,15,0,2,9,9,7,9,0
"1740",0,0,1,21,2,20,15,20,15,12,18,0,4,6,6,5,4,2,3,5,2,21,3,2,5,7,1,2,2,2,6,10,6,10,6,4,7,7,8,10,10,10,10,10,4,35,15,5,30,15,0,2,9,9,7,9,1
"1741",0,0,1,22,2,25,40,15,10,5,5,0,4,8,7,6,6,5,5,7,2,21,3,2,5,7,1,2,2,2,6,10,6,10,6,4,7,7,8,10,10,10,10,10,4,35,15,5,30,15,0,2,9,9,7,9,1
"1742",0,0,1,22,2,25,25,25,15,5,5,0,5,8,7,0,5,0,4,7,2,21,3,2,5,7,1,2,2,2,6,10,6,10,6,4,7,7,8,10,10,10,10,10,4,35,15,5,30,15,0,2,9,9,7,9,0
"1743",0,0,1,21,2,40,15,10,20,10,5,0,6,9,7,7,8,7,5,8,2,21,3,2,5,7,1,2,2,2,6,10,6,10,6,4,7,7,8,10,10,10,10,10,4,35,15,5,30,15,0,2,9,9,7,9,1
"1744",0,0,1,NA,2,40,20,20,20,NA,NA,1,7,8,10,6,5,6,7,7,2,21,3,2,5,7,1,2,2,2,6,10,6,10,6,4,7,7,8,10,10,10,10,10,4,35,15,5,30,15,0,2,9,9,7,9,0
"1745",0,0,0,20,4,80,10,10,NA,NA,NA,0,2,1,3,1,1,1,2,3,2,21,3,2,5,7,1,2,2,2,6,10,6,10,6,4,7,7,8,10,10,10,10,10,4,35,15,5,30,15,0,2,9,9,7,9,1
"1746",0,0,0,19,4,25,10,20,20,10,15,0,7,5,10,6,7,2,2,NA,2,21,3,2,5,7,1,2,2,2,6,10,6,10,6,4,7,7,8,10,10,10,10,10,4,35,15,5,30,15,0,2,9,9,7,9,1
"1847",0,0,0,27,2,20,20,20,25,5,10,1,6,9,7,7,8,NA,7,7,2,22,3,6,3,7,3,2,5,3,10,10,9,5,2,1,4,9,5,6,5,5,9,7,4,20,20,20,10,10,20,7,7,8,8,10,0
"1848",0,0,0,28,2,20,20,20,10,10,20,0,6,8,9,8,9,3,3,2,2,22,3,6,3,7,3,2,5,3,10,10,9,5,2,1,4,9,5,6,5,5,9,7,4,20,20,20,10,10,20,7,7,8,8,10,1
"1849",0,0,0,32,2,18,10,30,10,10,22,1,8,7,6,6,NA,5,7,3,2,22,3,6,3,7,3,2,5,3,10,10,9,5,2,1,4,9,5,6,5,5,9,7,4,20,20,20,10,10,20,7,7,8,8,10,0
"1850",0,0,0,25,2,35,20,10,20,10,5,0,3,6,7,NA,NA,NA,5,5,2,22,3,6,3,7,3,2,5,3,10,10,9,5,2,1,4,9,5,6,5,5,9,7,4,20,20,20,10,10,20,7,7,8,8,10,0
"1851",0,0,0,25,4,20,30,10,15,0,25,1,3,7,5,5,4,4,6,6,2,22,3,6,3,7,3,2,5,3,10,10,9,5,2,1,4,9,5,6,5,5,9,7,4,20,20,20,10,10,20,7,7,8,8,10,0
"1852",0,0,1,27,6,25,15,20,20,15,5,0,5,7,8,6,7,3,7,4,2,22,3,6,3,7,3,2,5,3,10,10,9,5,2,1,4,9,5,6,5,5,9,7,4,20,20,20,10,10,20,7,7,8,8,10,0
"1853",0,0,1,33,6,22,22,15,15,5,21,1,9,9,8,9,7,9,9,8,2,22,3,6,3,7,3,2,5,3,10,10,9,5,2,1,4,9,5,6,5,5,9,7,4,20,20,20,10,10,20,7,7,8,8,10,0
"1854",0,0,1,25,6,20,20,20,20,10,10,0,5,10,6,7,7,4,5,6,2,22,3,6,3,7,3,2,5,3,10,10,9,5,2,1,4,9,5,6,5,5,9,7,4,20,20,20,10,10,20,7,7,8,8,10,1
"1855",0,0,1,33,6,19,19,19,19,19,5,0,8,8,8,6,9,NA,7,4,2,22,3,6,3,7,3,2,5,3,10,10,9,5,2,1,4,9,5,6,5,5,9,7,4,20,20,20,10,10,20,7,7,8,8,10,1
"1910",0,1,0,27,2,20,20,20,25,5,10,1,7,7,6,8,NA,NA,7,7,2,29,8,4,2,4,2,7,8,1,5,7,7,7,4,1,3,4,1,3,4,6,7,6,3,90,2,2,2,2,2,8,10,8,8,8,1
"1911",0,0,0,28,2,20,20,20,10,10,20,1,8,9,9,9,9,7,7,5,2,29,8,4,2,4,2,7,8,1,5,7,7,7,4,1,3,4,1,3,4,6,7,6,3,90,2,2,2,2,2,8,10,8,8,8,0
"1912",0,0,0,32,2,18,10,30,10,10,22,1,9,8,7,7,6,4,8,4,2,29,8,4,2,4,2,7,8,1,5,7,7,7,4,1,3,4,1,3,4,6,7,6,3,90,2,2,2,2,2,8,10,8,8,8,0
"1913",0,0,0,25,2,35,20,10,20,10,5,1,8,5,6,7,NA,5,5,5,2,29,8,4,2,4,2,7,8,1,5,7,7,7,4,1,3,4,1,3,4,6,7,6,3,90,2,2,2,2,2,8,10,8,8,8,0
"1914",0,0,1,25,4,20,30,10,15,0,25,1,5,6,5,5,4,3,5,6,2,29,8,4,2,4,2,7,8,1,5,7,7,7,4,1,3,4,1,3,4,6,7,6,3,90,2,2,2,2,2,8,10,8,8,8,0
"1915",0,1,0,27,6,25,15,20,20,15,5,1,6,7,7,8,7,5,7,6,2,29,8,4,2,4,2,7,8,1,5,7,7,7,4,1,3,4,1,3,4,6,7,6,3,90,2,2,2,2,2,8,10,8,8,8,1
"1916",0,0,0,33,6,22,22,15,15,5,21,1,2,9,7,9,9,9,8,7,2,29,8,4,2,4,2,7,8,1,5,7,7,7,4,1,3,4,1,3,4,6,7,6,3,90,2,2,2,2,2,8,10,8,8,8,0
"1917",0,1,0,25,6,20,20,20,20,10,10,1,8,10,8,8,8,8,8,9,2,29,8,4,2,4,2,7,8,1,5,7,7,7,4,1,3,4,1,3,4,6,7,6,3,90,2,2,2,2,2,8,10,8,8,8,1
"1918",0,0,0,33,6,19,19,19,19,19,5,0,7,8,7,6,7,NA,7,5,2,29,8,4,2,4,2,7,8,1,5,7,7,7,4,1,3,4,1,3,4,6,7,6,3,90,2,2,2,2,2,8,10,8,8,8,0
"2282",0,0,1,29,2,30,25,18,18,4,5,0,5,7,9,4,8,9,7,4,2,32,1,2,4,5,2,2,2,9,8,8,7,8,2,1,2,10,6,7,10,8,9,2,1,15,5,45,10,15,10,7,9,7,10,10,1
"2283",0,0,0,24,3,30,10,20,20,10,10,0,4,3,2,0,4,2,2,4,2,32,1,2,4,5,2,2,2,9,8,8,7,8,2,1,2,10,6,7,10,8,9,2,1,15,5,45,10,15,10,7,9,7,10,10,0
"2284",0,0,1,21,2,25,10,25,5,10,25,1,6,6,7,4,5,7,6,5,2,32,1,2,4,5,2,2,2,9,8,8,7,8,2,1,2,10,6,7,10,8,9,2,1,15,5,45,10,15,10,7,9,7,10,10,0
"2285",0,0,1,26,2,24,16,28,14,8,10,0,3,4,6,2,3,4,3,3,2,32,1,2,4,5,2,2,2,9,8,8,7,8,2,1,2,10,6,7,10,8,9,2,1,15,5,45,10,15,10,7,9,7,10,10,0
"2286",0,0,1,25,2,60,20,0,20,0,0,0,5,8,7,5,9,3,6,2,2,32,1,2,4,5,2,2,2,9,8,8,7,8,2,1,2,10,6,7,10,8,9,2,1,15,5,45,10,15,10,7,9,7,10,10,0
"2287",0,0,1,32,2,25,15,20,25,10,5,0,5,5,7,5,5,8,6,5,2,32,1,2,4,5,2,2,2,9,8,8,7,8,2,1,2,10,6,7,10,8,9,2,1,15,5,45,10,15,10,7,9,7,10,10,0
"2288",0,0,1,25,2,27,15,28,10,10,10,0,6,7,9,3,4,3,6,4,2,32,1,2,4,5,2,2,2,9,8,8,7,8,2,1,2,10,6,7,10,8,9,2,1,15,5,45,10,15,10,7,9,7,10,10,0
"2289",0,0,1,25,2,25,20,30,15,5,5,0,3,7,8,3,8,3,4,2,2,32,1,2,4,5,2,2,2,9,8,8,7,8,2,1,2,10,6,7,10,8,9,2,1,15,5,45,10,15,10,7,9,7,10,10,1
"2290",0,1,1,27,2,20,20,20,15,5,20,1,6,8,8,5,3,3,5,3,2,32,1,2,4,5,2,2,2,9,8,8,7,8,2,1,2,10,6,7,10,8,9,2,1,15,5,45,10,15,10,7,9,7,10,10,1
"2291",0,0,0,23,1,25,15,20,20,10,10,1,7,7,7,0,7,0,7,2,2,32,1,2,4,5,2,2,2,9,8,8,7,8,2,1,2,10,6,7,10,8,9,2,1,15,5,45,10,15,10,7,9,7,10,10,0
"2292",0,0,0,27,4,50,10,10,10,10,10,1,10,10,10,10,10,10,10,10,2,32,1,2,4,5,2,2,2,9,8,8,7,8,2,1,2,10,6,7,10,8,9,2,1,15,5,45,10,15,10,7,9,7,10,10,0
"2293",0,0,1,27,2,25,20,25,20,10,0,0,4,6,NA,3,3,NA,4,1,2,32,1,2,4,5,2,2,2,9,8,8,7,8,2,1,2,10,6,7,10,8,9,2,1,15,5,45,10,15,10,7,9,7,10,10,0
"2294",0,0,0,24,6,20,20,25,25,5,5,1,7,7,7,7,7,7,7,7,2,32,1,2,4,5,2,2,2,9,8,8,7,8,2,1,2,10,6,7,10,8,9,2,1,15,5,45,10,15,10,7,9,7,10,10,0
"2295",0,0,1,22,2,10,15,25,15,15,20,1,7,6,9,NA,NA,4,4,3,2,32,1,2,4,5,2,2,2,9,8,8,7,8,2,1,2,10,6,7,10,8,9,2,1,15,5,45,10,15,10,7,9,7,10,10,0
"2296",0,0,0,22,4,35,40,5,5,7,8,1,5,9,7,5,5,6,6,7,2,32,1,2,4,5,2,2,2,9,8,8,7,8,2,1,2,10,6,7,10,8,9,2,1,15,5,45,10,15,10,7,9,7,10,10,0
"2297",0,0,1,27,2,20,20,15,25,10,10,0,3,6,5,3,5,3,3,3,2,32,1,2,4,5,2,2,2,9,8,8,7,8,2,1,2,10,6,7,10,8,9,2,1,15,5,45,10,15,10,7,9,7,10,10,0
"2298",0,0,0,28,4,20,30,10,20,0,20,0,3,4,5,3,3,2,3,1,2,32,1,2,4,5,2,2,2,9,8,8,7,8,2,1,2,10,6,7,10,8,9,2,1,15,5,45,10,15,10,7,9,7,10,10,0
"2299",0,0,1,34,2,30,10,30,10,5,15,0,3,5,6,3,5,4,3,2,2,32,1,2,4,5,2,2,2,9,8,8,7,8,2,1,2,10,6,7,10,8,9,2,1,15,5,45,10,15,10,7,9,7,10,10,0
"2300",0,0,0,27,4,20,20,15,15,12,18,0,4,9,9,6,6,6,5,5,2,32,1,2,4,5,2,2,2,9,8,8,7,8,2,1,2,10,6,7,10,8,9,2,1,15,5,45,10,15,10,7,9,7,10,10,0
"2301",0,0,0,28,1,20,18,20,17,10,15,0,5,7,7,3,5,3,4,4,2,32,1,2,4,5,2,2,2,9,8,8,7,8,2,1,2,10,6,7,10,8,9,2,1,15,5,45,10,15,10,7,9,7,10,10,0
"2302",0,0,0,28,3,23,18,21,18,10,10,0,4,5,4,3,4,2,3,3,2,32,1,2,4,5,2,2,2,9,8,8,7,8,2,1,2,10,6,7,10,8,9,2,1,15,5,45,10,15,10,7,9,7,10,10,0
"2909",0,1,0,30,4,60,10,10,10,5,5,1,10,10,9,10,10,10,10,10,2,23,3,2,1,4,2,3,8,8,6,10,8,8,9,6,9,7,8,10,8,10,10,7,7,40,10,15,20,10,5,9,9,9,9,8,1
"2910",0,0,1,23,2,50,5,15,20,10,0,0,7,8,7,7,6,6,8,7,2,23,3,2,1,4,2,3,8,8,6,10,8,8,9,6,9,7,8,10,8,10,10,7,7,40,10,15,20,10,5,9,9,9,9,8,1
"2911",0,0,0,29,4,40,10,15,10,10,15,0,6,8,6,6,6,6,6,7,2,23,3,2,1,4,2,3,8,8,6,10,8,8,9,6,9,7,8,10,8,10,10,7,7,40,10,15,20,10,5,9,9,9,9,8,1
"2912",0,1,1,24,2,20,10,20,20,15,15,1,6,7,7,7,NA,7,7,5,2,23,3,2,1,4,2,3,8,8,6,10,8,8,9,6,9,7,8,10,8,10,10,7,7,40,10,15,20,10,5,9,9,9,9,8,1
"2913",0,1,0,25,3,20,15,30,10,15,10,1,7,7,6,8,6,8,7,3,2,23,3,2,1,4,2,3,8,8,6,10,8,8,9,6,9,7,8,10,8,10,10,7,7,40,10,15,20,10,5,9,9,9,9,8,1
"2914",0,0,1,28,2,17,17,17,17,16,16,0,6,6,7,7,6,5,5,5,2,23,3,2,1,4,2,3,8,8,6,10,8,8,9,6,9,7,8,10,8,10,10,7,7,40,10,15,20,10,5,9,9,9,9,8,1
"2915",0,0,0,27,6,10,20,25,20,20,5,0,5,6,6,5,6,5,4,4,2,23,3,2,1,4,2,3,8,8,6,10,8,8,9,6,9,7,8,10,8,10,10,7,7,40,10,15,20,10,5,9,9,9,9,8,1
"2916",0,0,0,NA,NA,NA,NA,NA,NA,NA,NA,0,8,6,7,9,7,7,9,6,2,23,3,2,1,4,2,3,8,8,6,10,8,8,9,6,9,7,8,10,8,10,10,7,7,40,10,15,20,10,5,9,9,9,9,8,1
"2917",0,1,0,NA,NA,NA,NA,NA,NA,NA,NA,1,9,8,8,10,7,9,8,7,2,23,3,2,1,4,2,3,8,8,6,10,8,8,9,6,9,7,8,10,8,10,10,7,7,40,10,15,20,10,5,9,9,9,9,8,1
"3071",0,0,0,34,2,30,20,30,5,5,10,0,7,8,9,7,7,1,7,5,2,23,13,4,1,6,1,10,1,2,1,10,9,9,8,1,6,10,10,10,10,10,10,9,10,20,20,20,20,20,0,7,9,9,7,9,0
"3072",0,0,0,30,2,20.51,14.53,24.79,17.09,5.98,17.09,1,8,8,8,8,8,8,8,8,2,23,13,4,1,6,1,10,1,2,1,10,9,9,8,1,6,10,10,10,10,10,10,9,10,20,20,20,20,20,0,7,9,9,7,9,0
"3073",0,0,1,23,4,25,20,20,20,5,10,1,6,7,7,6,5,5,7,6,2,23,13,4,1,6,1,10,1,2,1,10,9,9,8,1,6,10,10,10,10,10,10,9,10,20,20,20,20,20,0,7,9,9,7,9,0
"3074",0,0,0,27,3,25,25,25,15,10,0,1,8,9,8,9,8,8,8,6,2,23,13,4,1,6,1,10,1,2,1,10,9,9,8,1,6,10,10,10,10,10,10,9,10,20,20,20,20,20,0,7,9,9,7,9,0
"3075",0,0,0,30,2,31.58,10.53,15.79,21.05,10.53,10.53,1,6,7,7,8,6,8,8,5,2,23,13,4,1,6,1,10,1,2,1,10,9,9,8,1,6,10,10,10,10,10,10,9,10,20,20,20,20,20,0,7,9,9,7,9,0
"3076",0,1,0,27,2,14,18,17,16,15,20,1,9,8,8,8,7,9,9,8,2,23,13,4,1,6,1,10,1,2,1,10,9,9,8,1,6,10,10,10,10,10,10,9,10,20,20,20,20,20,0,7,9,9,7,9,1
"3077",0,0,0,27,2,30,15,20,25,5,5,0,6,8,7,7,6,7,7,7,2,23,13,4,1,6,1,10,1,2,1,10,9,9,8,1,6,10,10,10,10,10,10,9,10,20,20,20,20,20,0,7,9,9,7,9,1
"3078",0,1,0,24,6,20,10,25,20,10,15,1,8,7,8,8,7,8,7,6,2,23,13,4,1,6,1,10,1,2,1,10,9,9,8,1,6,10,10,10,10,10,10,9,10,20,20,20,20,20,0,7,9,9,7,9,1
"3079",0,0,0,25,2,17,18,28,27,5,5,0,NA,NA,NA,NA,NA,NA,NA,NA,NA,23,13,4,1,6,1,10,1,2,1,10,9,9,8,1,6,10,10,10,10,10,10,9,10,20,20,20,20,20,0,7,9,9,7,9,0
"3080",0,0,0,28,2,50,10,10,10,10,10,0,6,9,7,7,5,3,5,4,2,23,13,4,1,6,1,10,1,2,1,10,9,9,8,1,6,10,10,10,10,10,10,9,10,20,20,20,20,20,0,7,9,9,7,9,0
"3081",0,1,0,27,2,40,0,10,50,0,0,1,8,7,7,7,4,5,8,10,2,23,13,4,1,6,1,10,1,2,1,10,9,9,8,1,6,10,10,10,10,10,10,9,10,20,20,20,20,20,0,7,9,9,7,9,1
"3082",0,0,0,27,2,30,15,15,20,5,15,0,NA,NA,NA,NA,NA,NA,NA,NA,NA,23,13,4,1,6,1,10,1,2,1,10,9,9,8,1,6,10,10,10,10,10,10,9,10,20,20,20,20,20,0,7,9,9,7,9,0
"3083",0,0,0,29,3,75,5,5,10,0,5,0,8,7,9,8,8,8,8,8,2,23,13,4,1,6,1,10,1,2,1,10,9,9,8,1,6,10,10,10,10,10,10,9,10,20,20,20,20,20,0,7,9,9,7,9,0
"3084",0,0,1,30,4,50,10,10,10,5,15,0,7,6,6,5,5,5,6,5,2,23,13,4,1,6,1,10,1,2,1,10,9,9,8,1,6,10,10,10,10,10,10,9,10,20,20,20,20,20,0,7,9,9,7,9,0
"3085",0,0,0,27,2,30,20,15,15,8,12,0,4,7,7,7,5,3,5,6,2,23,13,4,1,6,1,10,1,2,1,10,9,9,8,1,6,10,10,10,10,10,10,9,10,20,20,20,20,20,0,7,9,9,7,9,1
"3086",0,0,1,25,4,30,10,15,20,15,10,0,8,9,7,7,7,7,7,5,2,23,13,4,1,6,1,10,1,2,1,10,9,9,8,1,6,10,10,10,10,10,10,9,10,20,20,20,20,20,0,7,9,9,7,9,0
"3087",0,0,1,26,4,25,20,10,20,15,10,0,8,8,8,8,7,6,5,5,2,23,13,4,1,6,1,10,1,2,1,10,9,9,8,1,6,10,10,10,10,10,10,9,10,20,20,20,20,20,0,7,9,9,7,9,0
"3088",0,0,0,29,2,25,15,20,20,10,10,0,6,7,6,5,10,4,6,5,2,23,13,4,1,6,1,10,1,2,1,10,9,9,8,1,6,10,10,10,10,10,10,9,10,20,20,20,20,20,0,7,9,9,7,9,0
"3089",0,0,0,34,2,30,20,30,5,5,10,0,NA,NA,NA,NA,NA,NA,NA,NA,NA,33,9,3,1,6,3,2,3,4,4,10,9,10,1,1,8,7,10,8,10,1,4,10,4,40,15,25,5,15,0,10,10,10,10,10,0
"3090",0,0,0,30,2,20.51,14.53,24.79,17.09,5.98,17.09,0,6,7,7,7,7,7,7,7,2,33,9,3,1,6,3,2,3,4,4,10,9,10,1,1,8,7,10,8,10,1,4,10,4,40,15,25,5,15,0,10,10,10,10,10,1
"3091",0,0,0,23,4,25,20,20,20,5,10,1,6,8,8,7,8,6,7,6,2,33,9,3,1,6,3,2,3,4,4,10,9,10,1,1,8,7,10,8,10,1,4,10,4,40,15,25,5,15,0,10,10,10,10,10,0
"3092",0,0,1,27,3,25,25,25,15,10,0,0,6,7,7,9,8,7,6,5,2,33,9,3,1,6,3,2,3,4,4,10,9,10,1,1,8,7,10,8,10,1,4,10,4,40,15,25,5,15,0,10,10,10,10,10,0
"3093",0,0,0,30,2,31.58,10.53,15.79,21.05,10.53,10.53,0,5,5,6,7,6,4,5,4,2,33,9,3,1,6,3,2,3,4,4,10,9,10,1,1,8,7,10,8,10,1,4,10,4,40,15,25,5,15,0,10,10,10,10,10,0
"3094",0,0,0,27,2,14,18,17,16,15,20,0,7,6,6,6,6,6,7,6,2,33,9,3,1,6,3,2,3,4,4,10,9,10,1,1,8,7,10,8,10,1,4,10,4,40,15,25,5,15,0,10,10,10,10,10,1
"3095",0,1,0,27,2,30,15,20,25,5,5,1,7,6,6,9,8,7,8,8,2,33,9,3,1,6,3,2,3,4,4,10,9,10,1,1,8,7,10,8,10,1,4,10,4,40,15,25,5,15,0,10,10,10,10,10,1
"3096",0,0,0,24,6,20,10,25,20,10,15,0,7,8,8,8,7,6,6,2,2,33,9,3,1,6,3,2,3,4,4,10,9,10,1,1,8,7,10,8,10,1,4,10,4,40,15,25,5,15,0,10,10,10,10,10,1
"3097",0,0,0,25,2,17,18,28,27,5,5,1,10,8,7,5,5,6,8,8,2,33,9,3,1,6,3,2,3,4,4,10,9,10,1,1,8,7,10,8,10,1,4,10,4,40,15,25,5,15,0,10,10,10,10,10,0
"3098",0,0,0,28,2,50,10,10,10,10,10,0,5,5,6,4,3,3,3,2,2,33,9,3,1,6,3,2,3,4,4,10,9,10,1,1,8,7,10,8,10,1,4,10,4,40,15,25,5,15,0,10,10,10,10,10,1
"3099",0,0,0,27,2,40,0,10,50,0,0,0,6,10,9,5,5,5,6,10,2,33,9,3,1,6,3,2,3,4,4,10,9,10,1,1,8,7,10,8,10,1,4,10,4,40,15,25,5,15,0,10,10,10,10,10,1
"3100",0,0,0,27,2,30,15,15,20,5,15,0,7,7,7,6,5,NA,7,1,2,33,9,3,1,6,3,2,3,4,4,10,9,10,1,1,8,7,10,8,10,1,4,10,4,40,15,25,5,15,0,10,10,10,10,10,0
"3101",0,0,1,29,3,75,5,5,10,0,5,0,NA,NA,NA,NA,NA,NA,NA,NA,NA,33,9,3,1,6,3,2,3,4,4,10,9,10,1,1,8,7,10,8,10,1,4,10,4,40,15,25,5,15,0,10,10,10,10,10,0
"3102",0,0,0,30,4,50,10,10,10,5,15,0,5,5,6,4,5,5,6,5,2,33,9,3,1,6,3,2,3,4,4,10,9,10,1,1,8,7,10,8,10,1,4,10,4,40,15,25,5,15,0,10,10,10,10,10,0
"3103",0,0,0,27,2,30,20,15,15,8,12,0,3,6,6,5,5,3,4,4,2,33,9,3,1,6,3,2,3,4,4,10,9,10,1,1,8,7,10,8,10,1,4,10,4,40,15,25,5,15,0,10,10,10,10,10,1
"3104",0,0,0,25,4,30,10,15,20,15,10,0,6,9,8,7,9,8,8,6,2,33,9,3,1,6,3,2,3,4,4,10,9,10,1,1,8,7,10,8,10,1,4,10,4,40,15,25,5,15,0,10,10,10,10,10,1
"3105",0,0,0,26,4,25,20,10,20,15,10,0,5,5,5,5,8,4,3,6,2,33,9,3,1,6,3,2,3,4,4,10,9,10,1,1,8,7,10,8,10,1,4,10,4,40,15,25,5,15,0,10,10,10,10,10,0
"3106",0,0,0,29,2,25,15,20,20,10,10,0,4,6,6,5,8,3,5,4,2,33,9,3,1,6,3,2,3,4,4,10,9,10,1,1,8,7,10,8,10,1,4,10,4,40,15,25,5,15,0,10,10,10,10,10,1
"3323",0,0,1,34,2,30,20,30,5,5,10,0,7,8,6,7,7,4,7,6,NA,24,3,2,1,4,3,3,9,1,7,8,7,7,7,1,9,9,2,9,9,9,9,9,2,50,20,10,5,10,5,6,10,8,8,8,0
"3324",0,0,1,30,2,20.51,14.53,24.79,17.09,5.98,17.09,1,8,8,8,8,8,8,8,NA,NA,24,3,2,1,4,3,3,9,1,7,8,7,7,7,1,9,9,2,9,9,9,9,9,2,50,20,10,5,10,5,6,10,8,8,8,0
"3325",0,0,0,23,4,25,20,20,20,5,10,1,6,8,8,7,8,7,7,6,2,24,3,2,1,4,3,3,9,1,7,8,7,7,7,1,9,9,2,9,9,9,9,9,2,50,20,10,5,10,5,6,10,8,8,8,0
"3326",0,0,0,27,3,25,25,25,15,10,0,1,7,9,9,8,9,7,8,6,2,24,3,2,1,4,3,3,9,1,7,8,7,7,7,1,9,9,2,9,9,9,9,9,2,50,20,10,5,10,5,6,10,8,8,8,0
"3327",0,0,1,30,2,31.58,10.53,15.79,21.05,10.53,10.53,1,9,7,6,8,5,8,8,7,2,24,3,2,1,4,3,3,9,1,7,8,7,7,7,1,9,9,2,9,9,9,9,9,2,50,20,10,5,10,5,6,10,8,8,8,0
"3328",0,1,1,27,2,14,18,17,16,15,20,1,9,8,9,9,9,8,9,8,2,24,3,2,1,4,3,3,9,1,7,8,7,7,7,1,9,9,2,9,9,9,9,9,2,50,20,10,5,10,5,6,10,8,8,8,1
"3329",0,0,1,27,2,30,15,20,25,5,5,0,7,7,6,8,6,5,6,7,2,24,3,2,1,4,3,3,9,1,7,8,7,7,7,1,9,9,2,9,9,9,9,9,2,50,20,10,5,10,5,6,10,8,8,8,0
"3330",0,0,0,24,6,20,10,25,20,10,15,0,7,8,7,8,7,7,6,6,2,24,3,2,1,4,3,3,9,1,7,8,7,7,7,1,9,9,2,9,9,9,9,9,2,50,20,10,5,10,5,6,10,8,8,8,0
"3331",0,0,1,25,2,17,18,28,27,5,5,1,NA,NA,NA,NA,NA,NA,NA,NA,2,24,3,2,1,4,3,3,9,1,7,8,7,7,7,1,9,9,2,9,9,9,9,9,2,50,20,10,5,10,5,6,10,8,8,8,0
"3332",0,0,1,28,2,50,10,10,10,10,10,1,8,8,8,8,7,7,8,8,2,24,3,2,1,4,3,3,9,1,7,8,7,7,7,1,9,9,2,9,9,9,9,9,2,50,20,10,5,10,5,6,10,8,8,8,0
"3333",0,0,1,27,2,40,0,10,50,0,0,1,8,6,5,7,5,5,6,10,2,24,3,2,1,4,3,3,9,1,7,8,7,7,7,1,9,9,2,9,9,9,9,9,2,50,20,10,5,10,5,6,10,8,8,8,0
"3334",0,0,1,27,2,30,15,15,20,5,15,1,9,8,7,7,6,6,7,6,2,24,3,2,1,4,3,3,9,1,7,8,7,7,7,1,9,9,2,9,9,9,9,9,2,50,20,10,5,10,5,6,10,8,8,8,0
"3335",0,0,0,29,3,75,5,5,10,0,5,0,8,9,9,8,8,8,8,10,NA,24,3,2,1,4,3,3,9,1,7,8,7,7,7,1,9,9,2,9,9,9,9,9,2,50,20,10,5,10,5,6,10,8,8,8,1
"3336",0,0,0,30,4,50,10,10,10,5,15,1,7,6,5,5,6,5,4,6,NA,24,3,2,1,4,3,3,9,1,7,8,7,7,7,1,9,9,2,9,9,9,9,9,2,50,20,10,5,10,5,6,10,8,8,8,0
"3337",0,0,1,27,2,30,20,15,15,8,12,0,2,4,4,2,5,2,3,5,2,24,3,2,1,4,3,3,9,1,7,8,7,7,7,1,9,9,2,9,9,9,9,9,2,50,20,10,5,10,5,6,10,8,8,8,1
"3338",0,0,0,25,4,30,10,15,20,15,10,0,7,8,7,5,6,5,5,5,2,24,3,2,1,4,3,3,9,1,7,8,7,7,7,1,9,9,2,9,9,9,9,9,2,50,20,10,5,10,5,6,10,8,8,8,0
"3339",0,0,0,26,4,25,20,10,20,15,10,0,7,6,6,7,6,5,6,6,2,24,3,2,1,4,3,3,9,1,7,8,7,7,7,1,9,9,2,9,9,9,9,9,2,50,20,10,5,10,5,6,10,8,8,8,0
"3340",0,0,1,29,2,25,15,20,20,10,10,1,7,8,5,8,6,5,8,7,2,24,3,2,1,4,3,3,9,1,7,8,7,7,7,1,9,9,2,9,9,9,9,9,2,50,20,10,5,10,5,6,10,8,8,8,0
"3359",0,0,0,34,2,30,20,30,5,5,10,0,7,8,9,5,5,5,6,5,2,27,9,4,1,4,2,2,2,6,10,10,10,10,8,1,7,10,6,10,8,7,7,8,1,15,20,20,20,20,5,6,10,7,7,6,0
"3360",0,0,0,30,2,20.51,14.53,24.79,17.09,5.98,17.09,0,7,7,7,7,7,7,7,8,2,27,9,4,1,4,2,2,2,6,10,10,10,10,8,1,7,10,6,10,8,7,7,8,1,15,20,20,20,20,5,6,10,7,7,6,0
"3361",0,0,1,23,4,25,20,20,20,5,10,0,6,7,7,7,7,5,6,5,2,27,9,4,1,4,2,2,2,6,10,10,10,10,8,1,7,10,6,10,8,7,7,8,1,15,20,20,20,20,5,6,10,7,7,6,0
"3362",0,0,0,27,3,25,25,25,15,10,0,1,10,9,9,9,9,8,9,7,2,27,9,4,1,4,2,2,2,6,10,10,10,10,8,1,7,10,6,10,8,7,7,8,1,15,20,20,20,20,5,6,10,7,7,6,0
"3363",0,0,0,30,2,31.58,10.53,15.79,21.05,10.53,10.53,1,6,8,8,9,7,6,7,7,2,27,9,4,1,4,2,2,2,6,10,10,10,10,8,1,7,10,6,10,8,7,7,8,1,15,20,20,20,20,5,6,10,7,7,6,0
"3364",0,0,0,27,2,14,18,17,16,15,20,1,8,8,8,8,8,8,8,7,2,27,9,4,1,4,2,2,2,6,10,10,10,10,8,1,7,10,6,10,8,7,7,8,1,15,20,20,20,20,5,6,10,7,7,6,0
"3365",0,0,0,27,2,30,15,20,25,5,5,0,6,7,8,6,6,5,6,6,2,27,9,4,1,4,2,2,2,6,10,10,10,10,8,1,7,10,6,10,8,7,7,8,1,15,20,20,20,20,5,6,10,7,7,6,0
"3366",0,1,0,24,6,20,10,25,20,10,15,1,7,9,8,8,7,7,6,7,2,27,9,4,1,4,2,2,2,6,10,10,10,10,8,1,7,10,6,10,8,7,7,8,1,15,20,20,20,20,5,6,10,7,7,6,1
"3367",0,0,0,25,2,17,18,28,27,5,5,0,NA,NA,NA,NA,NA,NA,NA,NA,NA,27,9,4,1,4,2,2,2,6,10,10,10,10,8,1,7,10,6,10,8,7,7,8,1,15,20,20,20,20,5,6,10,7,7,6,0
"3368",0,0,0,28,2,50,10,10,10,10,10,1,9,7,7,6,6,5,8,7,2,27,9,4,1,4,2,2,2,6,10,10,10,10,8,1,7,10,6,10,8,7,7,8,1,15,20,20,20,20,5,6,10,7,7,6,0
"3369",0,0,0,27,2,40,0,10,50,0,0,0,6,7,8,4,7,1,4,5,2,27,9,4,1,4,2,2,2,6,10,10,10,10,8,1,7,10,6,10,8,7,7,8,1,15,20,20,20,20,5,6,10,7,7,6,0
"3370",0,0,0,27,2,30,15,15,20,5,15,0,8,8,8,7,6,5,6,5,2,27,9,4,1,4,2,2,2,6,10,10,10,10,8,1,7,10,6,10,8,7,7,8,1,15,20,20,20,20,5,6,10,7,7,6,0
"3371",0,0,0,29,3,75,5,5,10,0,5,1,9,10,9,9,9,NA,9,8,2,27,9,4,1,4,2,2,2,6,10,10,10,10,8,1,7,10,6,10,8,7,7,8,1,15,20,20,20,20,5,6,10,7,7,6,0
"3372",0,1,1,30,4,50,10,10,10,5,15,1,10,8,7,6,7,8,10,9,2,27,9,4,1,4,2,2,2,6,10,10,10,10,8,1,7,10,6,10,8,7,7,8,1,15,20,20,20,20,5,6,10,7,7,6,1
"3373",0,0,0,27,2,30,20,15,15,8,12,1,6,8,8,7,7,6,6,8,2,27,9,4,1,4,2,2,2,6,10,10,10,10,8,1,7,10,6,10,8,7,7,8,1,15,20,20,20,20,5,6,10,7,7,6,0
"3374",0,1,1,25,4,30,10,15,20,15,10,1,9,9,8,8,7,9,9,9,2,27,9,4,1,4,2,2,2,6,10,10,10,10,8,1,7,10,6,10,8,7,7,8,1,15,20,20,20,20,5,6,10,7,7,6,1
"3375",0,0,1,26,4,25,20,10,20,15,10,1,7,7,9,7,8,8,6,7,2,27,9,4,1,4,2,2,2,6,10,10,10,10,8,1,7,10,6,10,8,7,7,8,1,15,20,20,20,20,5,6,10,7,7,6,0
"3376",0,0,0,29,2,25,15,20,20,10,10,1,8,8,7,5,4,4,8,7,2,27,9,4,1,4,2,2,2,6,10,10,10,10,8,1,7,10,6,10,8,7,7,8,1,15,20,20,20,20,5,6,10,7,7,6,0
"3671",1,0,0,23,4,20,20,20,20,20,0,0,8,8,8,8,8,8,6,8,2,29,8,3,2,5,2,7,7,5,8,8,7,6,3,5,9,8,2,3,4,5,9,8,2,75,5,5,10,0,5,9,8,9,9,9,0
"3672",1,0,1,33,3,40,15,25,5,15,0,0,NA,NA,NA,NA,NA,NA,NA,NA,NA,29,8,3,2,5,2,7,7,5,8,8,7,6,3,5,9,8,2,3,4,5,9,8,2,75,5,5,10,0,5,9,8,9,9,9,0
"3673",1,0,0,32,2,5,25,20,10,15,25,1,9,8,7,6,9,NA,7,6,2,29,8,3,2,5,2,7,7,5,8,8,7,6,3,5,9,8,2,3,4,5,9,8,2,75,5,5,10,0,5,9,8,9,9,9,0
"3674",1,0,1,26,3,15,15,15,20,20,15,1,9,9,9,9,9,9,9,9,2,29,8,3,2,5,2,7,7,5,8,8,7,6,3,5,9,8,2,3,4,5,9,8,2,75,5,5,10,0,5,9,8,9,9,9,0
"3675",1,0,0,24,2,10,20,27,23,15,5,0,10,9,8,8,8,6,8,7,2,29,8,3,2,5,2,7,7,5,8,8,7,6,3,5,9,8,2,3,4,5,9,8,2,75,5,5,10,0,5,9,8,9,9,9,1
"3676",1,1,0,NA,NA,NA,NA,NA,NA,NA,NA,1,9,8,8,7,7,7,7,6,2,29,8,3,2,5,2,7,7,5,8,8,7,6,3,5,9,8,2,3,4,5,9,8,2,75,5,5,10,0,5,9,8,9,9,9,1
"3677",1,0,0,26,1,30,5,10,20,30,5,1,9,8,8,7,6,5,7,3,2,29,8,3,2,5,2,7,7,5,8,8,7,6,3,5,9,8,2,3,4,5,9,8,2,75,5,5,10,0,5,9,8,9,9,9,0
"3678",1,0,0,21,4,15,25,15,15,15,15,1,9,9,9,9,9,8,8,5,2,29,8,3,2,5,2,7,7,5,8,8,7,6,3,5,9,8,2,3,4,5,9,8,2,75,5,5,10,0,5,9,8,9,9,9,0
"3679",1,1,0,33,2,25,20,10,20,20,5,1,9,8,8,7,9,NA,8,9,2,29,8,3,2,5,2,7,7,5,8,8,7,6,3,5,9,8,2,3,4,5,9,8,2,75,5,5,10,0,5,9,8,9,9,9,1
"3680",1,1,0,31,2,12,25,25,8,15,15,1,8,8,7,7,9,7,7,6,2,29,8,3,2,5,2,7,7,5,8,8,7,6,3,5,9,8,2,3,4,5,9,8,2,75,5,5,10,0,5,9,8,9,9,9,1
"3681",1,1,0,35,4,15,15,30,15,15,10,1,9,9,9,9,9,9,9,8,2,29,8,3,2,5,2,7,7,5,8,8,7,6,3,5,9,8,2,3,4,5,9,8,2,75,5,5,10,0,5,9,8,9,9,9,1
"3682",1,0,0,29,6,20,20,20,10,10,20,1,9,9,7,7,7,8,9,7,2,29,8,3,2,5,2,7,7,5,8,8,7,6,3,5,9,8,2,3,4,5,9,8,2,75,5,5,10,0,5,9,8,9,9,9,0
"3683",1,0,0,25,4,15,10,25,25,10,15,1,7,7,8,7,7,NA,8,5,2,29,8,3,2,5,2,7,7,5,8,8,7,6,3,5,9,8,2,3,4,5,9,8,2,75,5,5,10,0,5,9,8,9,9,9,0
"3684",1,0,0,22,2,20,10,20,20,20,10,1,7,7,10,10,9,9,8,8,2,29,8,3,2,5,2,7,7,5,8,8,7,6,3,5,9,8,2,3,4,5,9,8,2,75,5,5,10,0,5,9,8,9,9,9,0
"3685",1,0,0,24,2,50,20,10,5,10,5,1,9,8,8,7,8,8,4,7,2,29,8,3,2,5,2,7,7,5,8,8,7,6,3,5,9,8,2,3,4,5,9,8,2,75,5,5,10,0,5,9,8,9,9,9,0
"3686",1,0,0,27,2,15,25,20,20,0,20,0,NA,NA,NA,NA,NA,NA,NA,NA,NA,29,8,3,2,5,2,7,7,5,8,8,7,6,3,5,9,8,2,3,4,5,9,8,2,75,5,5,10,0,5,9,8,9,9,9,0
"3687",1,0,0,27,4,15,20,20,20,20,5,0,6,8,7,6,9,NA,5,7,2,29,8,3,2,5,2,7,7,5,8,8,7,6,3,5,9,8,2,3,4,5,9,8,2,75,5,5,10,0,5,9,8,9,9,9,1
"3688",1,0,0,26,4,20,10,25,25,10,10,1,9,7,8,7,7,7,8,7,2,29,8,3,2,5,2,7,7,5,8,8,7,6,3,5,9,8,2,3,4,5,9,8,2,75,5,5,10,0,5,9,8,9,9,9,0
"3689",1,0,0,26,2,9,17,23,15,14,22,0,9,8,NA,NA,NA,1,3,3,2,29,8,3,2,5,2,7,7,5,8,8,7,6,3,5,9,8,2,3,4,5,9,8,2,75,5,5,10,0,5,9,8,9,9,9,0
"3690",1,0,0,24,6,20,30,10,10,10,20,0,NA,NA,NA,NA,NA,NA,NA,NA,NA,29,8,3,2,5,2,7,7,5,8,8,7,6,3,5,9,8,2,3,4,5,9,8,2,75,5,5,10,0,5,9,8,9,9,9,0
"3691",1,0,1,23,4,20,20,20,20,20,0,0,6,10,9,8,8,6,8,8,2,30,8,4,2,4,2,7,10,10,8,7,8,8,5,5,6,5,6,9,10,9,8,4,4,50,10,10,10,5,15,6,7,6,7,7,0
"3692",1,0,0,33,3,40,15,25,5,15,0,0,3,5,5,3,NA,NA,3,4,2,30,8,4,2,4,2,7,10,10,8,7,8,8,5,5,6,5,6,9,10,9,8,4,4,50,10,10,10,5,15,6,7,6,7,7,0
"3693",1,0,0,32,2,5,25,20,10,15,25,1,7,8,8,5,NA,NA,7,4,2,30,8,4,2,4,2,7,10,10,8,7,8,8,5,5,6,5,6,9,10,9,8,4,4,50,10,10,10,5,15,6,7,6,7,7,0
"3694",1,0,0,26,3,15,15,15,20,20,15,0,NA,NA,NA,NA,NA,NA,NA,NA,NA,30,8,4,2,4,2,7,10,10,8,7,8,8,5,5,6,5,6,9,10,9,8,4,4,50,10,10,10,5,15,6,7,6,7,7,0
"3695",1,0,0,24,2,10,20,27,23,15,5,0,5,10,9,6,10,6,6,10,2,30,8,4,2,4,2,7,10,10,8,7,8,8,5,5,6,5,6,9,10,9,8,4,4,50,10,10,10,5,15,6,7,6,7,7,0
"3696",1,0,0,NA,NA,NA,NA,NA,NA,NA,NA,0,6,7,8,6,7,4,6,2,2,30,8,4,2,4,2,7,10,10,8,7,8,8,5,5,6,5,6,9,10,9,8,4,4,50,10,10,10,5,15,6,7,6,7,7,0
"3697",1,0,0,26,1,30,5,10,20,30,5,1,5,8,7,5,6,5,8,3,2,30,8,4,2,4,2,7,10,10,8,7,8,8,5,5,6,5,6,9,10,9,8,4,4,50,10,10,10,5,15,6,7,6,7,7,0
"3698",1,0,1,21,4,15,25,15,15,15,15,1,7,10,10,8,8,7,6,6,2,30,8,4,2,4,2,7,10,10,8,7,8,8,5,5,6,5,6,9,10,9,8,4,4,50,10,10,10,5,15,6,7,6,7,7,0
"3699",1,0,0,33,2,25,20,10,20,20,5,0,5,9,8,5,7,NA,7,7,2,30,8,4,2,4,2,7,10,10,8,7,8,8,5,5,6,5,6,9,10,9,8,4,4,50,10,10,10,5,15,6,7,6,7,7,1
"3700",1,0,0,31,2,12,25,25,8,15,15,0,4,6,7,4,8,3,4,4,2,30,8,4,2,4,2,7,10,10,8,7,8,8,5,5,6,5,6,9,10,9,8,4,4,50,10,10,10,5,15,6,7,6,7,7,0
"3701",1,0,1,35,4,15,15,30,15,15,10,1,7,7,7,7,7,7,7,7,2,30,8,4,2,4,2,7,10,10,8,7,8,8,5,5,6,5,6,9,10,9,8,4,4,50,10,10,10,5,15,6,7,6,7,7,0
"3702",1,0,0,29,6,20,20,20,10,10,20,0,7,7,7,6,6,7,7,6,2,30,8,4,2,4,2,7,10,10,8,7,8,8,5,5,6,5,6,9,10,9,8,4,4,50,10,10,10,5,15,6,7,6,7,7,1
"3703",1,0,1,25,4,15,10,25,25,10,15,1,6,7,7,6,6,NA,7,5,2,30,8,4,2,4,2,7,10,10,8,7,8,8,5,5,6,5,6,9,10,9,8,4,4,50,10,10,10,5,15,6,7,6,7,7,0
"3704",1,0,0,22,2,20,10,20,20,20,10,0,NA,NA,NA,NA,NA,NA,NA,NA,NA,30,8,4,2,4,2,7,10,10,8,7,8,8,5,5,6,5,6,9,10,9,8,4,4,50,10,10,10,5,15,6,7,6,7,7,0
"3705",1,0,0,24,2,50,20,10,5,10,5,0,NA,NA,NA,NA,NA,NA,NA,NA,NA,30,8,4,2,4,2,7,10,10,8,7,8,8,5,5,6,5,6,9,10,9,8,4,4,50,10,10,10,5,15,6,7,6,7,7,1
"3706",1,0,0,27,2,15,25,20,20,0,20,0,4,6,7,4,7,4,4,5,2,30,8,4,2,4,2,7,10,10,8,7,8,8,5,5,6,5,6,9,10,9,8,4,4,50,10,10,10,5,15,6,7,6,7,7,0
"3707",1,1,1,27,4,15,20,20,20,20,5,1,5,8,8,6,8,6,6,7,2,30,8,4,2,4,2,7,10,10,8,7,8,8,5,5,6,5,6,9,10,9,8,4,4,50,10,10,10,5,15,6,7,6,7,7,1
"3708",1,0,1,26,4,20,10,25,25,10,10,0,6,7,7,7,7,6,6,7,2,30,8,4,2,4,2,7,10,10,8,7,8,8,5,5,6,5,6,9,10,9,8,4,4,50,10,10,10,5,15,6,7,6,7,7,0
"3709",1,0,0,26,2,9,17,23,15,14,22,0,7,5,5,5,6,1,2,2,2,30,8,4,2,4,2,7,10,10,8,7,8,8,5,5,6,5,6,9,10,9,8,4,4,50,10,10,10,5,15,6,7,6,7,7,0
"3710",1,0,0,24,6,20,30,10,10,10,20,0,6,7,7,5,6,5,7,5,2,30,8,4,2,4,2,7,10,10,8,7,8,8,5,5,6,5,6,9,10,9,8,4,4,50,10,10,10,5,15,6,7,6,7,7,0
"3810",0,0,0,24,2,20,21,21,22,6,10,0,6,8,8,7,7,7,6,6,2,33,14,1,2,7,4,6,7,8,8,8,5,5,3,1,5,5,7,7,10,9,9,9,9,20,20,20,15,15,10,4,7,9,9,9,1
"3811",0,0,0,29,2,45,10,10,30,0,5,0,5,8,8,7,NA,7,6,8,2,33,14,1,2,7,4,6,7,8,8,8,5,5,3,1,5,5,7,7,10,9,9,9,9,20,20,20,15,15,10,4,7,9,9,9,1
"3812",0,0,0,29,2,25,10,20,20,10,15,0,NA,NA,NA,NA,NA,NA,NA,NA,NA,33,14,1,2,7,4,6,7,8,8,8,5,5,3,1,5,5,7,7,10,9,9,9,9,20,20,20,15,15,10,4,7,9,9,9,0
"3813",0,0,0,26,2,70,5,20,3,1,1,0,5,4,8,6,7,6,5,7,2,33,14,1,2,7,4,6,7,8,8,8,5,5,3,1,5,5,7,7,10,9,9,9,9,20,20,20,15,15,10,4,7,9,9,9,1
"3814",0,0,0,31,2,35,0,25,20,0,20,0,2,6,7,6,5,6,6,6,2,33,14,1,2,7,4,6,7,8,8,8,5,5,3,1,5,5,7,7,10,9,9,9,9,20,20,20,15,15,10,4,7,9,9,9,1
"3815",0,0,0,29,4,25,20,15,25,10,5,0,6,7,7,6,7,4,4,3,2,33,14,1,2,7,4,6,7,8,8,8,5,5,3,1,5,5,7,7,10,9,9,9,9,20,20,20,15,15,10,4,7,9,9,9,0
"3816",0,0,0,22,2,20,25,20,15,5,15,0,4,6,6,4,NA,4,5,5,2,33,14,1,2,7,4,6,7,8,8,8,5,5,3,1,5,5,7,7,10,9,9,9,9,20,20,20,15,15,10,4,7,9,9,9,1
"3817",0,0,0,23,2,25,14,25,25,3,8,0,5,5,6,5,6,5,6,4,2,33,14,1,2,7,4,6,7,8,8,8,5,5,3,1,5,5,7,7,10,9,9,9,9,20,20,20,15,15,10,4,7,9,9,9,1
"3818",0,0,1,30,1,30,25,20,15,5,5,0,5,10,10,10,10,10,7,5,2,33,14,1,2,7,4,6,7,8,8,8,5,5,3,1,5,5,7,7,10,9,9,9,9,20,20,20,15,15,10,4,7,9,9,9,1
"3819",0,1,0,27,4,20,20,20,20,20,0,1,7,7,7,7,5,5,6,6,2,33,14,1,2,7,4,6,7,8,8,8,5,5,3,1,5,5,7,7,10,9,9,9,9,20,20,20,15,15,10,4,7,9,9,9,1
"3820",0,0,0,24,2,30,15,15,15,15,10,0,6,7,7,6,7,10,7,5,1,33,14,1,2,7,4,6,7,8,8,8,5,5,3,1,5,5,7,7,10,9,9,9,9,20,20,20,15,15,10,4,7,9,9,9,1
"3821",0,0,0,24,3,20,10,20,20,10,20,0,8,9,9,9,8,7,7,2,2,33,14,1,2,7,4,6,7,8,8,8,5,5,3,1,5,5,7,7,10,9,9,9,9,20,20,20,15,15,10,4,7,9,9,9,1
"3822",0,1,0,23,2,20,15,20,20,10,15,1,7,9,9,8,7,5,7,6,2,33,14,1,2,7,4,6,7,8,8,8,5,5,3,1,5,5,7,7,10,9,9,9,9,20,20,20,15,15,10,4,7,9,9,9,1
"3823",0,0,0,27,2,20,20,20,20,10,10,0,6,10,10,5,8,5,7,5,2,33,14,1,2,7,4,6,7,8,8,8,5,5,3,1,5,5,7,7,10,9,9,9,9,20,20,20,15,15,10,4,7,9,9,9,1
"3824",0,0,0,34,2,35,15,15,25,10,0,0,7,9,10,5,9,5,4,4,2,33,14,1,2,7,4,6,7,8,8,8,5,5,3,1,5,5,7,7,10,9,9,9,9,20,20,20,15,15,10,4,7,9,9,9,1
"3825",0,0,0,27,2,75,5,5,5,5,5,1,8,7,8,8,8,7,6,6,2,33,14,1,2,7,4,6,7,8,8,8,5,5,3,1,5,5,7,7,10,9,9,9,9,20,20,20,15,15,10,4,7,9,9,9,0
"3826",0,0,0,26,2,10,10,30,30,5,15,0,5,7,6,5,5,6,6,5,2,33,14,1,2,7,4,6,7,8,8,8,5,5,3,1,5,5,7,7,10,9,9,9,9,20,20,20,15,15,10,4,7,9,9,9,1
"3827",0,0,0,29,2,95,1,1,1,1,1,1,10,10,10,9,9,5,8,0,2,33,14,1,2,7,4,6,7,8,8,8,5,5,3,1,5,5,7,7,10,9,9,9,9,20,20,20,15,15,10,4,7,9,9,9,0
"3828",0,0,0,31,2,10,20,40,10,10,10,1,5,5,5,5,5,5,5,5,2,33,14,1,2,7,4,6,7,8,8,8,5,5,3,1,5,5,7,7,10,9,9,9,9,20,20,20,15,15,10,4,7,9,9,9,0
"3848",0,0,1,24,2,20,21,21,22,6,10,1,7,8,8,8,7,8,8,7,2,28,14,2,2,7,3,6,6,5,10,10,9,9,6,8,3,8,10,8,10,9,9,9,1,25,25,25,10,10,5,7,7,7,7,10,0
"3849",0,0,1,29,2,45,10,10,30,0,5,0,6,NA,5,3,NA,5,5,3,2,28,14,2,2,7,3,6,6,5,10,10,9,9,6,8,3,8,10,8,10,9,9,9,1,25,25,25,10,10,5,7,7,7,7,10,0
"3850",0,0,1,29,2,25,10,20,20,10,15,0,5,5,6,5,9,NA,5,7,2,28,14,2,2,7,3,6,6,5,10,10,9,9,6,8,3,8,10,8,10,9,9,9,1,25,25,25,10,10,5,7,7,7,7,10,1
"3851",0,0,1,26,2,70,5,20,3,1,1,0,5,6,9,5,6,6,6,5,NA,28,14,2,2,7,3,6,6,5,10,10,9,9,6,8,3,8,10,8,10,9,9,9,1,25,25,25,10,10,5,7,7,7,7,10,1
"3852",0,0,1,31,2,35,0,25,20,0,20,0,2,5,6,3,7,NA,3,6,2,28,14,2,2,7,3,6,6,5,10,10,9,9,6,8,3,8,10,8,10,9,9,9,1,25,25,25,10,10,5,7,7,7,7,10,0
"3853",0,0,0,29,4,25,20,15,25,10,5,1,6,7,5,4,6,6,6,6,2,28,14,2,2,7,3,6,6,5,10,10,9,9,6,8,3,8,10,8,10,9,9,9,1,25,25,25,10,10,5,7,7,7,7,10,0
"3854",0,0,1,22,2,20,25,20,15,5,15,0,4,4,5,2,2,7,4,3,2,28,14,2,2,7,3,6,6,5,10,10,9,9,6,8,3,8,10,8,10,9,9,9,1,25,25,25,10,10,5,7,7,7,7,10,0
"3855",0,1,1,23,2,25,14,25,25,3,8,1,7,7,7,5,5,5,8,4,2,28,14,2,2,7,3,6,6,5,10,10,9,9,6,8,3,8,10,8,10,9,9,9,1,25,25,25,10,10,5,7,7,7,7,10,1
"3856",0,0,0,30,1,30,25,20,15,5,5,0,NA,NA,NA,NA,NA,NA,NA,NA,2,28,14,2,2,7,3,6,6,5,10,10,9,9,6,8,3,8,10,8,10,9,9,9,1,25,25,25,10,10,5,7,7,7,7,10,0
"3857",0,1,0,27,4,20,20,20,20,20,0,1,7,8,7,8,6,7,8,5,NA,28,14,2,2,7,3,6,6,5,10,10,9,9,6,8,3,8,10,8,10,9,9,9,1,25,25,25,10,10,5,7,7,7,7,10,1
"3858",0,0,1,24,2,30,15,15,15,15,10,0,10,10,10,10,10,10,10,10,1,28,14,2,2,7,3,6,6,5,10,10,9,9,6,8,3,8,10,8,10,9,9,9,1,25,25,25,10,10,5,7,7,7,7,10,1
"3859",0,1,0,24,3,20,10,20,20,10,20,1,8,7,7,8,6,6,6,9,2,28,14,2,2,7,3,6,6,5,10,10,9,9,6,8,3,8,10,8,10,9,9,9,1,25,25,25,10,10,5,7,7,7,7,10,1
"3860",0,0,1,23,2,20,15,20,20,10,15,0,3,6,7,4,7,2,3,4,2,28,14,2,2,7,3,6,6,5,10,10,9,9,6,8,3,8,10,8,10,9,9,9,1,25,25,25,10,10,5,7,7,7,7,10,1
"3861",0,0,1,27,2,20,20,20,20,10,10,0,7,5,6,2,10,3,6,5,2,28,14,2,2,7,3,6,6,5,10,10,9,9,6,8,3,8,10,8,10,9,9,9,1,25,25,25,10,10,5,7,7,7,7,10,1
"3862",0,0,1,34,2,35,15,15,25,10,0,1,7,10,7,7,5,5,6,7,2,28,14,2,2,7,3,6,6,5,10,10,9,9,6,8,3,8,10,8,10,9,9,9,1,25,25,25,10,10,5,7,7,7,7,10,0
"3863",0,0,1,27,2,75,5,5,5,5,5,0,6,8,8,8,7,7,5,5,2,28,14,2,2,7,3,6,6,5,10,10,9,9,6,8,3,8,10,8,10,9,9,9,1,25,25,25,10,10,5,7,7,7,7,10,0
"3864",0,0,1,26,2,10,10,30,30,5,15,0,7,6,6,5,6,5,6,4,2,28,14,2,2,7,3,6,6,5,10,10,9,9,6,8,3,8,10,8,10,9,9,9,1,25,25,25,10,10,5,7,7,7,7,10,1
"3865",0,1,1,29,2,95,1,1,1,1,1,1,10,10,10,8,9,4,8,2,2,28,14,2,2,7,3,6,6,5,10,10,9,9,6,8,3,8,10,8,10,9,9,9,1,25,25,25,10,10,5,7,7,7,7,10,1
"3866",0,0,1,31,2,10,20,40,10,10,10,1,5,5,5,5,5,5,5,5,2,28,14,2,2,7,3,6,6,5,10,10,9,9,6,8,3,8,10,8,10,9,9,9,1,25,25,25,10,10,5,7,7,7,7,10,0
"3867",0,1,1,24,2,20,21,21,22,6,10,1,8,8,7,7,7,8,8,7,2,27,9,2,3,6,2,7,9,7,9,9,8,8,5,1,5,6,9,4,9,8,7,7,4,25,20,10,20,15,10,7,9,7,6,6,1
"3868",0,0,1,29,2,45,10,10,30,0,5,1,6,9,8,9,NA,NA,7,9,2,27,9,2,3,6,2,7,9,7,9,9,8,8,5,1,5,6,9,4,9,8,7,7,4,25,20,10,20,15,10,7,9,7,6,6,0
"3869",0,0,1,29,2,25,10,20,20,10,15,0,NA,NA,NA,NA,NA,NA,NA,NA,NA,27,9,2,3,6,2,7,9,7,9,9,8,8,5,1,5,6,9,4,9,8,7,7,4,25,20,10,20,15,10,7,9,7,6,6,0
"3870",0,1,1,26,2,70,5,20,3,1,1,1,6,8,8,7,7,NA,6.5,8,NA,27,9,2,3,6,2,7,9,7,9,9,8,8,5,1,5,6,9,4,9,8,7,7,4,25,20,10,20,15,10,7,9,7,6,6,1
"3871",0,0,1,31,2,35,0,25,20,0,20,0,3,5,5,5,5,NA,5,6,2,27,9,2,3,6,2,7,9,7,9,9,8,8,5,1,5,6,9,4,9,8,7,7,4,25,20,10,20,15,10,7,9,7,6,6,1
"3872",0,0,0,29,4,25,20,15,25,10,5,1,7,9,5,7,5,6,8,9,2,27,9,2,3,6,2,7,9,7,9,9,8,8,5,1,5,6,9,4,9,8,7,7,4,25,20,10,20,15,10,7,9,7,6,6,0
"3873",0,0,1,22,2,20,25,20,15,5,15,1,5,7,6,6,NA,NA,6,5,2,27,9,2,3,6,2,7,9,7,9,9,8,8,5,1,5,6,9,4,9,8,7,7,4,25,20,10,20,15,10,7,9,7,6,6,0
"3874",0,1,1,23,2,25,14,25,25,3,8,1,8,7,6,5,6,NA,9,9,2,27,9,2,3,6,2,7,9,7,9,9,8,8,5,1,5,6,9,4,9,8,7,7,4,25,20,10,20,15,10,7,9,7,6,6,1
"3875",0,0,0,30,1,30,25,20,15,5,5,0,7,10,9,9,NA,2,5,5,2,27,9,2,3,6,2,7,9,7,9,9,8,8,5,1,5,6,9,4,9,8,7,7,4,25,20,10,20,15,10,7,9,7,6,6,0
"3876",0,0,0,27,4,20,20,20,20,20,0,1,6,7,8,8,8,8,8,8,NA,27,9,2,3,6,2,7,9,7,9,9,8,8,5,1,5,6,9,4,9,8,7,7,4,25,20,10,20,15,10,7,9,7,6,6,0
"3877",0,0,1,24,2,30,15,15,15,15,10,0,6,8,8,7,6,4,6,7,2,27,9,2,3,6,2,7,9,7,9,9,8,8,5,1,5,6,9,4,9,8,7,7,4,25,20,10,20,15,10,7,9,7,6,6,1
"3878",0,0,0,24,3,20,10,20,20,10,20,0,4,8,4,6,6,6,6,10,NA,27,9,2,3,6,2,7,9,7,9,9,8,8,5,1,5,6,9,4,9,8,7,7,4,25,20,10,20,15,10,7,9,7,6,6,0
"3879",0,0,1,23,2,20,15,20,20,10,15,0,5,6,6,5,6,3,5,4,2,27,9,2,3,6,2,7,9,7,9,9,8,8,5,1,5,6,9,4,9,8,7,7,4,25,20,10,20,15,10,7,9,7,6,6,0
"3880",0,0,1,27,2,20,20,20,20,10,10,0,6,10,4,5,6,4,5,4,2,27,9,2,3,6,2,7,9,7,9,9,8,8,5,1,5,6,9,4,9,8,7,7,4,25,20,10,20,15,10,7,9,7,6,6,0
"3881",0,0,1,34,2,35,15,15,25,10,0,1,7,7,6,6,6,5,6,5,2,27,9,2,3,6,2,7,9,7,9,9,8,8,5,1,5,6,9,4,9,8,7,7,4,25,20,10,20,15,10,7,9,7,6,6,0
"3882",0,1,1,27,2,75,5,5,5,5,5,1,8,9,9,8,8,8,7,7,2,27,9,2,3,6,2,7,9,7,9,9,8,8,5,1,5,6,9,4,9,8,7,7,4,25,20,10,20,15,10,7,9,7,6,6,1
"3883",0,0,1,26,2,10,10,30,30,5,15,0,7,7,6,6,6,7,7,7,2,27,9,2,3,6,2,7,9,7,9,9,8,8,5,1,5,6,9,4,9,8,7,7,4,25,20,10,20,15,10,7,9,7,6,6,1
"3884",0,0,1,29,2,95,1,1,1,1,1,1,10,10,10,9,9,5,9,5,2,27,9,2,3,6,2,7,9,7,9,9,8,8,5,1,5,6,9,4,9,8,7,7,4,25,20,10,20,15,10,7,9,7,6,6,0
"3885",0,0,1,31,2,10,20,40,10,10,10,1,5,5,5,5,5,5,5,5,2,27,9,2,3,6,2,7,9,7,9,9,8,8,5,1,5,6,9,4,9,8,7,7,4,25,20,10,20,15,10,7,9,7,6,6,0
"4019",0,0,1,24,2,20,21,21,22,6,10,1,9,9,8,9,8,8,9,7,2,28,6,2,1,4,1,6,8,1,6,8,6,7,9,1,9,9,1,3,5,5,5,4,2,35,0,35,10,10,10,8,9,9,9,7,0
"4020",0,0,1,29,2,45,10,10,30,0,5,0,6,6,NA,4,NA,NA,4,NA,2,28,6,2,1,4,1,6,8,1,6,8,6,7,9,1,9,9,1,3,5,5,5,4,2,35,0,35,10,10,10,8,9,9,9,7,0
"4021",0,0,1,29,2,25,10,20,20,10,15,0,4,5,9,7,NA,7,6,9,2,28,6,2,1,4,1,6,8,1,6,8,6,7,9,1,9,9,1,3,5,5,5,4,2,35,0,35,10,10,10,8,9,9,9,7,0
"4022",0,0,1,26,2,70,5,20,3,1,1,1,6,7,9,NA,NA,NA,6.5,7.5,NA,28,6,2,1,4,1,6,8,1,6,8,6,7,9,1,9,9,1,3,5,5,5,4,2,35,0,35,10,10,10,8,9,9,9,7,0
"4023",0,0,1,31,2,35,0,25,20,0,20,0,3,6,6,4,5,NA,4,7,2,28,6,2,1,4,1,6,8,1,6,8,6,7,9,1,9,9,1,3,5,5,5,4,2,35,0,35,10,10,10,8,9,9,9,7,1
"4024",0,0,0,29,4,25,20,15,25,10,5,1,8,7,5,6,4,8,7,4,2,28,6,2,1,4,1,6,8,1,6,8,6,7,9,1,9,9,1,3,5,5,5,4,2,35,0,35,10,10,10,8,9,9,9,7,0
"4025",0,0,1,22,2,20,25,20,15,5,15,0,5,6,6,NA,NA,NA,5,3,2,28,6,2,1,4,1,6,8,1,6,8,6,7,9,1,9,9,1,3,5,5,5,4,2,35,0,35,10,10,10,8,9,9,9,7,0
"4026",0,0,1,23,2,25,14,25,25,3,8,1,8,7,7,7,7,NA,8,6,2,28,6,2,1,4,1,6,8,1,6,8,6,7,9,1,9,9,1,3,5,5,5,4,2,35,0,35,10,10,10,8,9,9,9,7,0
"4027",0,0,0,30,1,30,25,20,15,5,5,1,7,7,10,10,7,3,9,5,2,28,6,2,1,4,1,6,8,1,6,8,6,7,9,1,9,9,1,3,5,5,5,4,2,35,0,35,10,10,10,8,9,9,9,7,0
"4028",0,0,0,27,4,20,20,20,20,20,0,1,8,8,8,8,8,8,8,2,NA,28,6,2,1,4,1,6,8,1,6,8,6,7,9,1,9,9,1,3,5,5,5,4,2,35,0,35,10,10,10,8,9,9,9,7,0
"4029",0,0,1,24,2,30,15,15,15,15,10,0,6,7,6,6,7,8,6,6,2,28,6,2,1,4,1,6,8,1,6,8,6,7,9,1,9,9,1,3,5,5,5,4,2,35,0,35,10,10,10,8,9,9,9,7,0
"4030",0,0,0,24,3,20,10,20,20,10,20,0,6,7,8,8,7,7,8,8,2,28,6,2,1,4,1,6,8,1,6,8,6,7,9,1,9,9,1,3,5,5,5,4,2,35,0,35,10,10,10,8,9,9,9,7,0
"4031",0,0,1,23,2,20,15,20,20,10,15,0,7,8,8,7,6,7,6,6,2,28,6,2,1,4,1,6,8,1,6,8,6,7,9,1,9,9,1,3,5,5,5,4,2,35,0,35,10,10,10,8,9,9,9,7,0
"4032",0,1,1,27,2,20,20,20,20,10,10,1,7,8,8,4,5,8,7,3,2,28,6,2,1,4,1,6,8,1,6,8,6,7,9,1,9,9,1,3,5,5,5,4,2,35,0,35,10,10,10,8,9,9,9,7,1
"4033",0,0,1,34,2,35,15,15,25,10,0,0,6,7,8,6,6,5,5,6,2,28,6,2,1,4,1,6,8,1,6,8,6,7,9,1,9,9,1,3,5,5,5,4,2,35,0,35,10,10,10,8,9,9,9,7,0
"4034",0,0,1,27,2,75,5,5,5,5,5,1,8,8,8,9,10,10,6,8,2,28,6,2,1,4,1,6,8,1,6,8,6,7,9,1,9,9,1,3,5,5,5,4,2,35,0,35,10,10,10,8,9,9,9,7,0
"4035",0,0,1,26,2,10,10,30,30,5,15,0,7,6,7,7,6,6,6,5,2,28,6,2,1,4,1,6,8,1,6,8,6,7,9,1,9,9,1,3,5,5,5,4,2,35,0,35,10,10,10,8,9,9,9,7,0
"4036",0,0,1,29,2,95,1,1,1,1,1,1,8,6,7,6,7,5,6,2,2,28,6,2,1,4,1,6,8,1,6,8,6,7,9,1,9,9,1,3,5,5,5,4,2,35,0,35,10,10,10,8,9,9,9,7,0
"4037",0,0,1,31,2,10,20,40,10,10,10,1,5,5,5,5,5,5,5,5,2,28,6,2,1,4,1,6,8,1,6,8,6,7,9,1,9,9,1,3,5,5,5,4,2,35,0,35,10,10,10,8,9,9,9,7,0
"4187",1,1,1,38,2,15,15,20,15,15,20,1,8,9,9,6,9,8,8,2,2,26,8,2,5,4,2,7,7,4,7,7,6,6,6,1,8,7,1,7,7,6,7,1,1,70,5,20,3,1,1,7,10,6,8,7,1
"4188",1,0,0,33,1,20,20,20,15,15,10,1,6,8,8,7,7,7,7,3,2,26,8,2,5,4,2,7,7,4,7,7,6,6,6,1,8,7,1,7,7,6,7,1,1,70,5,20,3,1,1,7,10,6,8,7,0
"4189",1,0,1,24,2,20,10,20,35,5,10,0,8,6,8,6,6,6,7,6,2,26,8,2,5,4,2,7,7,4,7,7,6,6,6,1,8,7,1,7,7,6,7,1,1,70,5,20,3,1,1,7,10,6,8,7,0
"4190",1,0,1,28,2,25,25,25,10,10,5,1,6,8,8,8,8,8,7,5,2,26,8,2,5,4,2,7,7,4,7,7,6,6,6,1,8,7,1,7,7,6,7,1,1,70,5,20,3,1,1,7,10,6,8,7,0
"4191",1,1,1,27,2,25,20,10,20,15,10,1,6,6,6,NA,9,NA,8,7,2,26,8,2,5,4,2,7,7,4,7,7,6,6,6,1,8,7,1,7,7,6,7,1,1,70,5,20,3,1,1,7,10,6,8,7,1
"4192",1,1,1,23,2,20,20,20,20,20,0,1,10,10,10,10,10,10,10,9,2,26,8,2,5,4,2,7,7,4,7,7,6,6,6,1,8,7,1,7,7,6,7,1,1,70,5,20,3,1,1,7,10,6,8,7,1
"4193",1,0,1,25,2,25,20,20,20,10,5,1,5,9,9,9,9,NA,8,7,2,26,8,2,5,4,2,7,7,4,7,7,6,6,6,1,8,7,1,7,7,6,7,1,1,70,5,20,3,1,1,7,10,6,8,7,0
"4194",1,0,1,26,2,15,10,30,10,15,20,1,8,8,8,8,8,NA,8,6,2,26,8,2,5,4,2,7,7,4,7,7,6,6,6,1,8,7,1,7,7,6,7,1,1,70,5,20,3,1,1,7,10,6,8,7,0
"4195",1,1,1,25,2,20,15,25,15,15,10,1,7,9,9,8,9,8,8,8,2,26,8,2,5,4,2,7,7,4,7,7,6,6,6,1,8,7,1,7,7,6,7,1,1,70,5,20,3,1,1,7,10,6,8,7,1
"4196",1,0,1,24,2,22,17,15,15,15,16,0,5,8,8,7,8,7,5,5,NA,26,8,2,5,4,2,7,7,4,7,7,6,6,6,1,8,7,1,7,7,6,7,1,1,70,5,20,3,1,1,7,10,6,8,7,1
"4197",1,1,1,21,2,20,30,20,20,0,10,1,8,10,10,7,NA,NA,7,7,2,26,8,2,5,4,2,7,7,4,7,7,6,6,6,1,8,7,1,7,7,6,7,1,1,70,5,20,3,1,1,7,10,6,8,7,1
"4198",1,0,0,30,4,10,20,20,10,10,30,1,8,6,8,6,8,NA,4,1,2,26,8,2,5,4,2,7,7,4,7,7,6,6,6,1,8,7,1,7,7,6,7,1,1,70,5,20,3,1,1,7,10,6,8,7,0
"4199",1,0,1,28,2,35,0,35,10,10,10,0,6,5,5,5,5,5,5,5,2,26,8,2,5,4,2,7,7,4,7,7,6,6,6,1,8,7,1,7,7,6,7,1,1,70,5,20,3,1,1,7,10,6,8,7,1
"4200",1,0,1,26,2,15,20,15,30,10,10,1,7,7,8,7,10,5,7,4,2,26,8,2,5,4,2,7,7,4,7,7,6,6,6,1,8,7,1,7,7,6,7,1,1,70,5,20,3,1,1,7,10,6,8,7,0
"4201",1,0,1,22,2,8,20,25,25,12,10,0,6,6,8,6,9,6,5,5,2,26,8,2,5,4,2,7,7,4,7,7,6,6,6,1,8,7,1,7,7,6,7,1,1,70,5,20,3,1,1,7,10,6,8,7,0
"4202",1,0,1,24,2,18,19,16,15,15,17,1,8,8,7,8,9,8,8.5,7,2,26,8,2,5,4,2,7,7,4,7,7,6,6,6,1,8,7,1,7,7,6,7,1,1,70,5,20,3,1,1,7,10,6,8,7,0
"4203",1,1,1,33,2,20,20,20,10,10,20,1,8,6,7,7,9,NA,6,6,2,26,8,2,5,4,2,7,7,4,7,7,6,6,6,1,8,7,1,7,7,6,7,1,1,70,5,20,3,1,1,7,10,6,8,7,1
"4204",1,0,0,25,4,15,18,18,18,15,16,1,8,9,9,7,9,5,8,3,2,26,8,2,5,4,2,7,7,4,7,7,6,6,6,1,8,7,1,7,7,6,7,1,1,70,5,20,3,1,1,7,10,6,8,7,0
"4385",1,0,1,38,2,15,15,20,15,15,20,1,8,9,9,8,8,8,9,4,2,34,8,2,3,4,1,7,7,6,6,7,7,6,3,3,1,8,1,7,6,7,10,8,3,35,15,15,25,10,0,8,6,9,7,5,0
"4386",1,0,0,33,1,20,20,20,15,15,10,1,7,6,7,6,NA,7,7,4,2,34,8,2,3,4,1,7,7,6,6,7,7,6,3,3,1,8,1,7,6,7,10,8,3,35,15,15,25,10,0,8,6,9,7,5,0
"4387",1,0,1,24,2,20,10,20,35,5,10,0,4,8,8,7,7,6,5,5,2,34,8,2,3,4,1,7,7,6,6,7,7,6,3,3,1,8,1,7,6,7,10,8,3,35,15,15,25,10,0,8,6,9,7,5,0
"4388",1,0,1,28,2,25,25,25,10,10,5,0,6,8,7,7,7,6,5,5,2,34,8,2,3,4,1,7,7,6,6,7,7,6,3,3,1,8,1,7,6,7,10,8,3,35,15,15,25,10,0,8,6,9,7,5,1
"4389",1,0,1,27,2,25,20,10,20,15,10,0,3,4,4,8,NA,NA,4,1,2,34,8,2,3,4,1,7,7,6,6,7,7,6,3,3,1,8,1,7,6,7,10,8,3,35,15,15,25,10,0,8,6,9,7,5,1
"4390",1,0,1,23,2,20,20,20,20,20,0,1,10,10,10,10,10,7,5,8,2,34,8,2,3,4,1,7,7,6,6,7,7,6,3,3,1,8,1,7,6,7,10,8,3,35,15,15,25,10,0,8,6,9,7,5,0
"4391",1,0,1,25,2,25,20,20,20,10,5,1,8,7,8,9,9,9,7,7,2,34,8,2,3,4,1,7,7,6,6,7,7,6,3,3,1,8,1,7,6,7,10,8,3,35,15,15,25,10,0,8,6,9,7,5,0
"4392",1,0,1,26,2,15,10,30,10,15,20,1,8,8,8,8,8,NA,8,7,2,34,8,2,3,4,1,7,7,6,6,7,7,6,3,3,1,8,1,7,6,7,10,8,3,35,15,15,25,10,0,8,6,9,7,5,0
"4393",1,1,1,25,2,20,15,25,15,15,10,1,8,9,9,8,9,8,8,7,2,34,8,2,3,4,1,7,7,6,6,7,7,6,3,3,1,8,1,7,6,7,10,8,3,35,15,15,25,10,0,8,6,9,7,5,1
"4394",1,0,1,24,2,22,17,15,15,15,16,0,6,8,8,8,8,6,5,4,2,34,8,2,3,4,1,7,7,6,6,7,7,6,3,3,1,8,1,7,6,7,10,8,3,35,15,15,25,10,0,8,6,9,7,5,0
"4395",1,0,1,21,2,20,30,20,20,0,10,0,6,8,9,8,10,NA,6,7,2,34,8,2,3,4,1,7,7,6,6,7,7,6,3,3,1,8,1,7,6,7,10,8,3,35,15,15,25,10,0,8,6,9,7,5,1
"4396",1,0,0,30,4,10,20,20,10,10,30,1,8,8,8,8,8,NA,8,8,2,34,8,2,3,4,1,7,7,6,6,7,7,6,3,3,1,8,1,7,6,7,10,8,3,35,15,15,25,10,0,8,6,9,7,5,0
"4397",1,0,1,28,2,35,0,35,10,10,10,0,7,8,7,6,7,6,6,7,2,34,8,2,3,4,1,7,7,6,6,7,7,6,3,3,1,8,1,7,6,7,10,8,3,35,15,15,25,10,0,8,6,9,7,5,0
"4398",1,0,1,26,2,15,20,15,30,10,10,0,6,8,9,8,8,6,6,3,2,34,8,2,3,4,1,7,7,6,6,7,7,6,3,3,1,8,1,7,6,7,10,8,3,35,15,15,25,10,0,8,6,9,7,5,0
"4399",1,0,1,22,2,8,20,25,25,12,10,1,8,8,8,8,8,7,8,7,2,34,8,2,3,4,1,7,7,6,6,7,7,6,3,3,1,8,1,7,6,7,10,8,3,35,15,15,25,10,0,8,6,9,7,5,0
"4400",1,0,1,24,2,18,19,16,15,15,17,0,9.5,7,7,8,9,6,7,6,2,34,8,2,3,4,1,7,7,6,6,7,7,6,3,3,1,8,1,7,6,7,10,8,3,35,15,15,25,10,0,8,6,9,7,5,0
"4401",1,0,1,33,2,20,20,20,10,10,20,0,7,8,9,7,NA,8,7,7,2,34,8,2,3,4,1,7,7,6,6,7,7,6,3,3,1,8,1,7,6,7,10,8,3,35,15,15,25,10,0,8,6,9,7,5,0
"4402",1,0,0,25,4,15,18,18,18,15,16,1,7,8,9,9,8,5,8,3,2,34,8,2,3,4,1,7,7,6,6,7,7,6,3,3,1,8,1,7,6,7,10,8,3,35,15,15,25,10,0,8,6,9,7,5,0
"4403",1,0,1,38,2,15,15,20,15,15,20,0,5,7,8,7,9,5,7,3,2,27,8,2,1,5,2,7,10,10,10,5,8,8,0,7,3,8,6,5,5,8,8,4,4,75,5,5,5,5,5,7,7,8,8,8,0
"4404",1,0,0,33,1,20,20,20,15,15,10,0,5,6,7,7,6,5,3,5,2,27,8,2,1,5,2,7,10,10,10,5,8,8,0,7,3,8,6,5,5,8,8,4,4,75,5,5,5,5,5,7,7,8,8,8,1
"4405",1,0,1,24,2,20,10,20,35,5,10,0,5,8,7,7,6,5,5,5,2,27,8,2,1,5,2,7,10,10,10,5,8,8,0,7,3,8,6,5,5,8,8,4,4,75,5,5,5,5,5,7,7,8,8,8,1
"4406",1,0,1,28,2,25,25,25,10,10,5,0,5,8,8,8,8,8,5,5,2,27,8,2,1,5,2,7,10,10,10,5,8,8,0,7,3,8,6,5,5,8,8,4,4,75,5,5,5,5,5,7,7,8,8,8,0
"4407",1,1,1,27,2,25,20,10,20,15,10,1,7,7,8,NA,NA,NA,8,4,2,27,8,2,1,5,2,7,10,10,10,5,8,8,0,7,3,8,6,5,5,8,8,4,4,75,5,5,5,5,5,7,7,8,8,8,1
"4408",1,1,1,23,2,20,20,20,20,20,0,1,8,10,10,10,10,7,7,8,2,27,8,2,1,5,2,7,10,10,10,5,8,8,0,7,3,8,6,5,5,8,8,4,4,75,5,5,5,5,5,7,7,8,8,8,1
"4409",1,0,1,25,2,25,20,20,20,10,5,0,6,7,7,7,7,NA,7,6,2,27,8,2,1,5,2,7,10,10,10,5,8,8,0,7,3,8,6,5,5,8,8,4,4,75,5,5,5,5,5,7,7,8,8,8,0
"4410",1,1,1,26,2,15,10,30,10,15,20,1,9,9,9,8,NA,NA,8,6,2,27,8,2,1,5,2,7,10,10,10,5,8,8,0,7,3,8,6,5,5,8,8,4,4,75,5,5,5,5,5,7,7,8,8,8,1
"4411",1,1,1,25,2,20,15,25,15,15,10,1,7,7,8,8,8,7,7,7,2,27,8,2,1,5,2,7,10,10,10,5,8,8,0,7,3,8,6,5,5,8,8,4,4,75,5,5,5,5,5,7,7,8,8,8,1
"4412",1,0,1,24,2,22,17,15,15,15,16,0,5,7,8,7,NA,5,5,3,2,27,8,2,1,5,2,7,10,10,10,5,8,8,0,7,3,8,6,5,5,8,8,4,4,75,5,5,5,5,5,7,7,8,8,8,0
"4413",1,0,1,21,2,20,30,20,20,0,10,0,5,10,9,5,10,NA,7,7,2,27,8,2,1,5,2,7,10,10,10,5,8,8,0,7,3,8,6,5,5,8,8,4,4,75,5,5,5,5,5,7,7,8,8,8,1
"4414",1,0,0,30,4,10,20,20,10,10,30,1,6,8,8,6,8,NA,6,8,2,27,8,2,1,5,2,7,10,10,10,5,8,8,0,7,3,8,6,5,5,8,8,4,4,75,5,5,5,5,5,7,7,8,8,8,0
"4415",1,0,1,28,2,35,0,35,10,10,10,0,5,5,5,5,5,5,5,5,2,27,8,2,1,5,2,7,10,10,10,5,8,8,0,7,3,8,6,5,5,8,8,4,4,75,5,5,5,5,5,7,7,8,8,8,1
"4416",1,0,1,26,2,15,20,15,30,10,10,0,1,3,3,1,8,1,1,1,2,27,8,2,1,5,2,7,10,10,10,5,8,8,0,7,3,8,6,5,5,8,8,4,4,75,5,5,5,5,5,7,7,8,8,8,1
"4417",1,0,1,22,2,8,20,25,25,12,10,0,7,8,8,7,8,6,7,6,2,27,8,2,1,5,2,7,10,10,10,5,8,8,0,7,3,8,6,5,5,8,8,4,4,75,5,5,5,5,5,7,7,8,8,8,0
"4418",1,0,1,24,2,18,19,16,15,15,17,0,5,8,9,8,7,8,8,7,2,27,8,2,1,5,2,7,10,10,10,5,8,8,0,7,3,8,6,5,5,8,8,4,4,75,5,5,5,5,5,7,7,8,8,8,0
"4419",1,0,1,33,2,20,20,20,10,10,20,0,6,7,7,7,NA,NA,7,7,2,27,8,2,1,5,2,7,10,10,10,5,8,8,0,7,3,8,6,5,5,8,8,4,4,75,5,5,5,5,5,7,7,8,8,8,0
"4420",1,0,0,25,4,15,18,18,18,15,16,1,6,9,8,6,5,5,6,6,2,27,8,2,1,5,2,7,10,10,10,5,8,8,0,7,3,8,6,5,5,8,8,4,4,75,5,5,5,5,5,7,7,8,8,8,0
"4697",0,0,1,21,2,35,5,30,20,5,5,0,8,5,8,5,7,5,7,3,2,29,9,2,2,3,2,2,8,4,8,9,8,9,6,1,7,9,6,4,9,9,9,6,6,20,10,50,5,10,5,8,8,7,7,7,0
"4698",0,0,1,24,2,35,10,25,20,5,5,0,9,7,9,6,7,5,8,4,2,29,9,2,2,3,2,2,8,4,8,9,8,9,6,1,7,9,6,4,9,9,9,6,6,20,10,50,5,10,5,8,8,7,7,7,1
"4699",0,0,1,25,2,40,10,0,45,0,5,1,9,1,7,5,4,3,6,4,2,29,9,2,2,3,2,2,8,4,8,9,8,9,6,1,7,9,6,4,9,9,9,6,6,20,10,50,5,10,5,8,8,7,7,7,0
"4700",0,0,0,27,3,30,25,10,20,0,15,0,8,6,8,3,3,2,5,4,2,29,9,2,2,3,2,2,8,4,8,9,8,9,6,1,7,9,6,4,9,9,9,6,6,20,10,50,5,10,5,8,8,7,7,7,0
"4701",0,0,1,26,2,50,10,10,30,0,0,0,6,6,7,9,7,4,7,5,2,29,9,2,2,3,2,2,8,4,8,9,8,9,6,1,7,9,6,4,9,9,9,6,6,20,10,50,5,10,5,8,8,7,7,7,1
"4702",0,1,1,30,2,40,12,18,12,6,12,1,9,5,6,7,7,4,6,6,NA,29,9,2,2,3,2,2,8,4,8,9,8,9,6,1,7,9,6,4,9,9,9,6,6,20,10,50,5,10,5,8,8,7,7,7,1
"4703",0,1,0,28,3,30,20,25,15,10,0,1,9,8,8,6,5,5,8,4,2,29,9,2,2,3,2,2,8,4,8,9,8,9,6,1,7,9,6,4,9,9,9,6,6,20,10,50,5,10,5,8,8,7,7,7,1
"4704",0,0,0,26,4,15,30,25,20,0,10,0,4,5,6,5,5,4,4,3,2,29,9,2,2,3,2,2,8,4,8,9,8,9,6,1,7,9,6,4,9,9,9,6,6,20,10,50,5,10,5,8,8,7,7,7,0
"4705",0,1,1,22,2,25,15,25,25,5,5,1,8,7,7,8,6,7,8,7,2,29,9,2,2,3,2,2,8,4,8,9,8,9,6,1,7,9,6,4,9,9,9,6,6,20,10,50,5,10,5,8,8,7,7,7,1
"4706",0,0,0,23,6,55,2,1,40,1,1,1,7,9,7,7,5,6,7,8,2,29,9,2,2,3,2,2,8,4,8,9,8,9,6,1,7,9,6,4,9,9,9,6,6,20,10,50,5,10,5,8,8,7,7,7,0
"4707",0,0,1,25,2,50,5,5,5,5,30,1,8,7,7,7,5,5,7,6,2,29,9,2,2,3,2,2,8,4,8,9,8,9,6,1,7,9,6,4,9,9,9,6,6,20,10,50,5,10,5,8,8,7,7,7,0
"4708",0,0,0,30,4,20,40,5,20,5,10,1,6,5,5,6,5,3,6,4,2,29,9,2,2,3,2,2,8,4,8,9,8,9,6,1,7,9,6,4,9,9,9,6,6,20,10,50,5,10,5,8,8,7,7,7,0
"4709",0,0,0,29,4,35,30,25,5,0,5,1,8,7,7,6,6,6,7,6,2,29,9,2,2,3,2,2,8,4,8,9,8,9,6,1,7,9,6,4,9,9,9,6,6,20,10,50,5,10,5,8,8,7,7,7,0
"4710",0,0,0,27,4,30,30,30,5,0,5,1,5,5,5,4,5,4,4,4,2,29,9,2,2,3,2,2,8,4,8,9,8,9,6,1,7,9,6,4,9,9,9,6,6,20,10,50,5,10,5,8,8,7,7,7,0
"4938",0,1,1,23,2,25,20,15,20,5,15,1,8,8,7,8,6,7,8,7,2,24,8,2,6,2,1,7,8,4,9,9,9,9,8,5,8,9,8,9,9,9,9,9,9,20,20,20,20,20,0,8,8,8,8,8,1
"4939",0,1,1,30,2,20,10,22,20,15,13,1,8,6,6,6,8,6,7,5,2,24,8,2,6,2,1,7,8,4,9,9,9,9,8,5,8,9,8,9,9,9,9,9,9,20,20,20,20,20,0,8,8,8,8,8,1
"4940",0,0,1,28,2,40,20,20,20,0,0,0,7,8,9,9,7,9,8,8,2,24,8,2,6,2,1,7,8,4,9,9,9,9,8,5,8,9,8,9,9,9,9,9,9,20,20,20,20,20,0,8,8,8,8,8,0
"4941",0,0,0,31,4,16,16,20,16,16,16,1,9,6,8,7,NA,NA,7,3,2,24,8,2,6,2,1,7,8,4,9,9,9,9,8,5,8,9,8,9,9,9,9,9,9,20,20,20,20,20,0,8,8,8,8,8,0
"4942",0,0,0,29,1,20,15,20,15,15,15,1,9,10,10,10,10,9,9,6,2,24,8,2,6,2,1,7,8,4,9,9,9,9,8,5,8,9,8,9,9,9,9,9,9,20,20,20,20,20,0,8,8,8,8,8,0
"4943",0,0,0,32,3,20,20,20,15,10,15,0,9,7,7,4,8,6,5,2,2,24,8,2,6,2,1,7,8,4,9,9,9,9,8,5,8,9,8,9,9,9,9,9,9,20,20,20,20,20,0,8,8,8,8,8,1
"4944",0,0,0,24,4,25,26,15,10,9,15,0,8,5,5,5,9,2,6,4,2,24,8,2,6,2,1,7,8,4,9,9,9,9,8,5,8,9,8,9,9,9,9,9,9,20,20,20,20,20,0,8,8,8,8,8,1
"4945",0,0,0,29,4,15,20,20,20,5,20,1,8,8,8,8,8,8,8,8,2,24,8,2,6,2,1,7,8,4,9,9,9,9,8,5,8,9,8,9,9,9,9,9,9,20,20,20,20,20,0,8,8,8,8,8,0
"4946",0,1,1,28,2,20,10,20,20,20,0,1,8,9,8,7,8,7,8,7,2,24,8,2,6,2,1,7,8,4,9,9,9,9,8,5,8,9,8,9,9,9,9,9,9,20,20,20,20,20,0,8,8,8,8,8,1
"4947",0,1,1,29,2,30,15,20,10,10,15,1,9,6,8,7,10,7,7,5,NA,24,8,2,6,2,1,7,8,4,9,9,9,9,8,5,8,9,8,9,9,9,9,9,9,20,20,20,20,20,0,8,8,8,8,8,1
"4948",0,1,0,29,3,30,10,25,20,8,7,1,7,7,8,7,6,7,5,6,2,24,8,2,6,2,1,7,8,4,9,9,9,9,8,5,8,9,8,9,9,9,9,9,9,20,20,20,20,20,0,8,8,8,8,8,1
"4949",0,1,0,30,6,30,0,30,30,10,0,1,10,8,10,8,10,2,2,1,2,24,8,2,6,2,1,7,8,4,9,9,9,9,8,5,8,9,8,9,9,9,9,9,9,20,20,20,20,20,0,8,8,8,8,8,1
"4950",0,0,0,20,4,30,10,10,30,10,10,0,9,8,9,8,NA,5,6,2,2,24,8,2,6,2,1,7,8,4,9,9,9,9,8,5,8,9,8,9,9,9,9,9,9,20,20,20,20,20,0,8,8,8,8,8,1
"4951",0,0,1,30,2,25,25,25,25,0,0,0,8,8,8,7,7,7,7,4,2,24,8,2,6,2,1,7,8,4,9,9,9,9,8,5,8,9,8,9,9,9,9,9,9,20,20,20,20,20,0,8,8,8,8,8,1
"4952",0,1,0,32,6,20,20,20,15,15,10,1,8,7,6,7,6,5,7,7,2,24,8,2,6,2,1,7,8,4,9,9,9,9,8,5,8,9,8,9,9,9,9,9,9,20,20,20,20,20,0,8,8,8,8,8,1
"4983",0,0,0,23,2,25,20,15,20,5,15,0,7,7,8,5,7,1,4,1,2,29,4,4,1,4,2,4,1,1,1,10,10,10,2,1,3,10,5,10,10,6,6,10,1,10,20,25,25,10,10,4,9,5,8,6,0
"4984",0,1,0,30,2,20,10,22,20,15,13,1,8,6,8,6,7,5,6,5,2,29,4,4,1,4,2,4,1,1,1,10,10,10,2,1,3,10,5,10,10,6,6,10,1,10,20,25,25,10,10,4,9,5,8,6,1
"4985",0,0,0,28,2,40,20,20,20,0,0,0,10,9,10,10,10,9,9,9,2,29,4,4,1,4,2,4,1,1,1,10,10,10,2,1,3,10,5,10,10,6,6,10,1,10,20,25,25,10,10,4,9,5,8,6,0
"4986",0,0,1,31,4,16,16,20,16,16,16,1,9,8,10,8,7,7,7,3,2,29,4,4,1,4,2,4,1,1,1,10,10,10,2,1,3,10,5,10,10,6,6,10,1,10,20,25,25,10,10,4,9,5,8,6,0
"4987",0,0,0,29,1,20,15,20,15,15,15,1,10,10,10,10,10,10,10,8,2,29,4,4,1,4,2,4,1,1,1,10,10,10,2,1,3,10,5,10,10,6,6,10,1,10,20,25,25,10,10,4,9,5,8,6,0
"4988",0,0,0,32,3,20,20,20,15,10,15,0,8,5,8,7,9,8,NA,NA,NA,29,4,4,1,4,2,4,1,1,1,10,10,10,2,1,3,10,5,10,10,6,6,10,1,10,20,25,25,10,10,4,9,5,8,6,1
"4989",0,0,1,24,4,25,26,15,10,9,15,1,7,4,7,4,8,2,5,2,2,29,4,4,1,4,2,4,1,1,1,10,10,10,2,1,3,10,5,10,10,6,6,10,1,10,20,25,25,10,10,4,9,5,8,6,0
"4990",0,1,1,29,4,15,20,20,20,5,20,1,8,8,8,8,8,8,8,5,2,29,4,4,1,4,2,4,1,1,1,10,10,10,2,1,3,10,5,10,10,6,6,10,1,10,20,25,25,10,10,4,9,5,8,6,1
"4991",0,1,0,28,2,20,10,20,20,20,0,1,7,7,9,9,8,7,10,8,2,29,4,4,1,4,2,4,1,1,1,10,10,10,2,1,3,10,5,10,10,6,6,10,1,10,20,25,25,10,10,4,9,5,8,6,1
"4992",0,0,0,29,2,30,15,20,10,10,15,1,9,8,9,8,9,8,8,5,2,29,4,4,1,4,2,4,1,1,1,10,10,10,2,1,3,10,5,10,10,6,6,10,1,10,20,25,25,10,10,4,9,5,8,6,0
"4993",0,1,0,29,3,30,10,25,20,8,7,1,8,7,7,8,8,6,7,6,2,29,4,4,1,4,2,4,1,1,1,10,10,10,2,1,3,10,5,10,10,6,6,10,1,10,20,25,25,10,10,4,9,5,8,6,1
"4994",0,0,0,30,6,30,0,30,30,10,0,1,10,10,10,10,8,10,10,6,2,29,4,4,1,4,2,4,1,1,1,10,10,10,2,1,3,10,5,10,10,6,6,10,1,10,20,25,25,10,10,4,9,5,8,6,0
"4995",0,0,1,20,4,30,10,10,30,10,10,0,6,7,9,6,9,0,4,1,2,29,4,4,1,4,2,4,1,1,1,10,10,10,2,1,3,10,5,10,10,6,6,10,1,10,20,25,25,10,10,4,9,5,8,6,0
"4996",0,0,0,30,2,25,25,25,25,0,0,1,8,8,8,8,8,8,8,6,2,29,4,4,1,4,2,4,1,1,1,10,10,10,2,1,3,10,5,10,10,6,6,10,1,10,20,25,25,10,10,4,9,5,8,6,0
"4997",0,1,0,32,6,20,20,20,15,15,10,1,6,7,7,6,7,6,6,6,2,29,4,4,1,4,2,4,1,1,1,10,10,10,2,1,3,10,5,10,10,6,6,10,1,10,20,25,25,10,10,4,9,5,8,6,1
"5394",0,0,0,26,4,40,20,20,20,0,0,1,7,7,9,7,8,3,7,8,2,26,10,2,5,4,1,2,1,1,1,9,9,9,2,1,8,9,6,8,10,10,10,5,1,19,19,19,19,5,19,9,10,9,10,4,0
"5395",0,0,1,25,2,30,30,40,0,0,0,0,7,8,8,7,6,5,8,6,1,26,10,2,5,4,1,2,1,1,1,9,9,9,2,1,8,9,6,8,10,10,10,5,1,19,19,19,19,5,19,9,10,9,10,4,0
"5396",0,1,1,23,2,30,0,30,15,15,10,1,5,8,7,6,8,5,6,5,2,26,10,2,5,4,1,2,1,1,1,9,9,9,2,1,8,9,6,8,10,10,10,5,1,19,19,19,19,5,19,9,10,9,10,4,1
"5397",0,0,0,27,4,20,14,18,16,16,16,0,5,8,9,6,8,6,7,3,2,26,10,2,5,4,1,2,1,1,1,9,9,9,2,1,8,9,6,8,10,10,10,5,1,19,19,19,19,5,19,9,10,9,10,4,0
"5398",0,0,0,24,4,15,15,20,15,15,20,0,4,5,6,4,5,3,3,4,2,26,10,2,5,4,1,2,1,1,1,9,9,9,2,1,8,9,6,8,10,10,10,5,1,19,19,19,19,5,19,9,10,9,10,4,0
"5399",0,0,0,24,4,20,20,20,20,20,0,0,6,9,9,8,5,6,8,5,2,26,10,2,5,4,1,2,1,1,1,9,9,9,2,1,8,9,6,8,10,10,10,5,1,19,19,19,19,5,19,9,10,9,10,4,1
"5400",0,1,0,36,4,18,10,18,18,18,18,1,6,9,8,7,8,5,7,6,2,26,10,2,5,4,1,2,1,1,1,9,9,9,2,1,8,9,6,8,10,10,10,5,1,19,19,19,19,5,19,9,10,9,10,4,1
"5501",0,0,1,25,4,15,30,20,20,10,5,0,5,10,10,8,10,5,5,1,2,23,5,4,2,7,3,7,6,5,5,7,8,10,10,3,9,8,5,8,9,9,10,7,8,20,10,10,30,15,15,8,4,10,8,8,1
"5502",0,0,1,26,4,25,20,20,20,5,10,0,7,6,7,6,5,8,7,5,2,23,5,4,2,7,3,7,6,5,5,7,8,10,10,3,9,8,5,8,9,9,10,7,8,20,10,10,30,15,15,8,4,10,8,8,1
"5503",0,0,0,26,2,25,25,25,13,12,0,0,6,8,8,5,NA,5,6,5,2,23,5,4,2,7,3,7,6,5,5,7,8,10,10,3,9,8,5,8,9,9,10,7,8,20,10,10,30,15,15,8,4,10,8,8,1
"5504",0,1,0,24,6,30,30,30,5,2,3,1,8,9,8,8,9,7,8,7,1,23,5,4,2,7,3,7,6,5,5,7,8,10,10,3,9,8,5,8,9,9,10,7,8,20,10,10,30,15,15,8,4,10,8,8,1
"5505",0,1,0,23,2,23,14,19,16,10,18,1,7,7,8,7,6,6,6,6,2,23,5,4,2,7,3,7,6,5,5,7,8,10,10,3,9,8,5,8,9,9,10,7,8,20,10,10,30,15,15,8,4,10,8,8,1
"5506",0,0,0,29,2,30,20,20,20,10,0,0,9,7,8,4,8,3,4,3,2,23,5,4,2,7,3,7,6,5,5,7,8,10,10,3,9,8,5,8,9,9,10,7,8,20,10,10,30,15,15,8,4,10,8,8,0
"5507",0,0,1,22,4,20,5,25,25,5,20,0,5,7,8,4,6,6,5,1,2,23,5,4,2,7,3,7,6,5,5,7,8,10,10,3,9,8,5,8,9,9,10,7,8,20,10,10,30,15,15,8,4,10,8,8,1
"5508",0,0,0,32,2,50,0,10,30,0,10,0,5,7,7,5,6,3,5,3,2,23,5,4,2,7,3,7,6,5,5,7,8,10,10,3,9,8,5,8,9,9,10,7,8,20,10,10,30,15,15,8,4,10,8,8,0
"5509",0,0,0,22,2,30,10,20,15,15,10,0,4,8,10,4,10,3,7,4,2,23,5,4,2,7,3,7,6,5,5,7,8,10,10,3,9,8,5,8,9,9,10,7,8,20,10,10,30,15,15,8,4,10,8,8,1
"5510",0,0,0,24,2,20,15,20,20,15,10,0,7,8,7,7,5,3,7,5,2,23,5,4,2,7,3,7,6,5,5,7,8,10,10,3,9,8,5,8,9,9,10,7,8,20,10,10,30,15,15,8,4,10,8,8,0
"5511",0,0,1,23,4,40,30,0,20,0,10,0,5,7,10,5,10,5,3,4,2,23,5,4,2,7,3,7,6,5,5,7,8,10,10,3,9,8,5,8,9,9,10,7,8,20,10,10,30,15,15,8,4,10,8,8,1
"5512",0,1,1,23,4,25,15,20,20,10,10,1,4,5,8,6,7,9,6,8,2,23,5,4,2,7,3,7,6,5,5,7,8,10,10,3,9,8,5,8,9,9,10,7,8,20,10,10,30,15,15,8,4,10,8,8,1
"5513",0,0,1,24,4,20,16,16,17,16,15,0,6,8,8,6,8,3,8,4,2,23,5,4,2,7,3,7,6,5,5,7,8,10,10,3,9,8,5,8,9,9,10,7,8,20,10,10,30,15,15,8,4,10,8,8,1
"5514",0,0,1,23,4,15,25,20,10,10,20,0,8,8,5,7,6,5,7,4,2,23,5,4,2,7,3,7,6,5,5,7,8,10,10,3,9,8,5,8,9,9,10,7,8,20,10,10,30,15,15,8,4,10,8,8,1
"5515",0,0,0,24,2,20,20,20,20,10,10,0,NA,NA,NA,NA,NA,NA,NA,NA,NA,23,5,4,2,7,3,7,6,5,5,7,8,10,10,3,9,8,5,8,9,9,10,7,8,20,10,10,30,15,15,8,4,10,8,8,0
"5516",0,0,0,30,2,35,10,20,25,5,5,0,6,6,7,5,6,6,5,6,2,23,5,4,2,7,3,7,6,5,5,7,8,10,10,3,9,8,5,8,9,9,10,7,8,20,10,10,30,15,15,8,4,10,8,8,1
"5517",0,0,0,30,2,25,20,20,20,0,15,0,4,7,6,4,2,1,5,6,2,23,5,4,2,7,3,7,6,5,5,7,8,10,10,3,9,8,5,8,9,9,10,7,8,20,10,10,30,15,15,8,4,10,8,8,0
"5518",0,1,0,30,2,40,10,20,10,0,20,1,9,9,9,5,8,5,7,7,2,23,5,4,2,7,3,7,6,5,5,7,8,10,10,3,9,8,5,8,9,9,10,7,8,20,10,10,30,15,15,8,4,10,8,8,1
"5519",0,0,0,28,2,20,20,20,20,0,20,0,6,8,6,5,8,5,4,4,2,23,5,4,2,7,3,7,6,5,5,7,8,10,10,3,9,8,5,8,9,9,10,7,8,20,10,10,30,15,15,8,4,10,8,8,1
"5520",0,0,0,30,2,30,3,30,30,3,4,0,5,4,5,5,5,4,6,3,2,23,5,4,2,7,3,7,6,5,5,7,8,10,10,3,9,8,5,8,9,9,10,7,8,20,10,10,30,15,15,8,4,10,8,8,0
"5521",0,0,0,27,1,40,20,20,20,0,0,0,5,8,9,6,8,7,4,6,2,23,5,4,2,7,3,7,6,5,5,7,8,10,10,3,9,8,5,8,9,9,10,7,8,20,10,10,30,15,15,8,4,10,8,8,1
"5522",0,0,0,25,2,70,0,15,15,0,0,0,7,5,5,4,5,1,4,6,2,23,5,4,2,7,3,7,6,5,5,7,8,10,10,3,9,8,5,8,9,9,10,7,8,20,10,10,30,15,15,8,4,10,8,8,1
"5545",0,0,0,25,4,15,30,20,20,10,5,0,10,8,10,5,10,1,3,1,2,23,15,2,2,6,4,6,1,1,9,9,9,9,1,0,8,9,8,9,10,6,8,6,6,20,20,20,20,5,15,6,8,7,6,4,0
"5546",0,0,0,26,4,25,20,20,20,5,10,0,NA,NA,NA,NA,NA,NA,NA,NA,NA,23,15,2,2,6,4,6,1,1,9,9,9,9,1,0,8,9,8,9,10,6,8,6,6,20,20,20,20,5,15,6,8,7,6,4,0
"5547",0,1,1,26,2,25,25,25,13,12,0,1,7,8,8,8,6,5,7,7,2,23,15,2,2,6,4,6,1,1,9,9,9,9,1,0,8,9,8,9,10,6,8,6,6,20,20,20,20,5,15,6,8,7,6,4,1
"5548",0,0,0,24,6,30,30,30,5,2,3,1,8,8,9,8,8,8,8,6,2,23,15,2,2,6,4,6,1,1,9,9,9,9,1,0,8,9,8,9,10,6,8,6,6,20,20,20,20,5,15,6,8,7,6,4,0
"5549",0,1,1,23,2,23,14,19,16,10,18,1,8,8,7,7,7,7,8,7,2,23,15,2,2,6,4,6,1,1,9,9,9,9,1,0,8,9,8,9,10,6,8,6,6,20,20,20,20,5,15,6,8,7,6,4,1
"5550",0,0,1,29,2,30,20,20,20,10,0,0,8,3,6,7,6,3,4,2,2,23,15,2,2,6,4,6,1,1,9,9,9,9,1,0,8,9,8,9,10,6,8,6,6,20,20,20,20,5,15,6,8,7,6,4,0
"5551",0,1,0,22,4,20,5,25,25,5,20,1,8,8,8,8,8,6,7,5,NA,23,15,2,2,6,4,6,1,1,9,9,9,9,1,0,8,9,8,9,10,6,8,6,6,20,20,20,20,5,15,6,8,7,6,4,1
"5552",0,0,1,32,2,50,0,10,30,0,10,1,8,5,6,7,7,6,5,5,2,23,15,2,2,6,4,6,1,1,9,9,9,9,1,0,8,9,8,9,10,6,8,6,6,20,20,20,20,5,15,6,8,7,6,4,0
"5553",0,0,1,22,2,30,10,20,15,15,10,1,10,7,6,10,7,6,8,7,2,23,15,2,2,6,4,6,1,1,9,9,9,9,1,0,8,9,8,9,10,6,8,6,6,20,20,20,20,5,15,6,8,7,6,4,0
"5554",0,0,1,24,2,20,15,20,20,15,10,1,7,6,6,7,5,4,7,4,2,23,15,2,2,6,4,6,1,1,9,9,9,9,1,0,8,9,8,9,10,6,8,6,6,20,20,20,20,5,15,6,8,7,6,4,0
"5555",0,0,0,23,4,40,30,0,20,0,10,0,NA,NA,NA,NA,NA,NA,NA,NA,NA,23,15,2,2,6,4,6,1,1,9,9,9,9,1,0,8,9,8,9,10,6,8,6,6,20,20,20,20,5,15,6,8,7,6,4,0
"5556",0,0,0,23,4,25,15,20,20,10,10,1,8,6,7,8,6,2,8,5,2,23,15,2,2,6,4,6,1,1,9,9,9,9,1,0,8,9,8,9,10,6,8,6,6,20,20,20,20,5,15,6,8,7,6,4,0
"5557",0,0,0,24,4,20,16,16,17,16,15,0,5,8,8,8,8,5,3,3,2,23,15,2,2,6,4,6,1,1,9,9,9,9,1,0,8,9,8,9,10,6,8,6,6,20,20,20,20,5,15,6,8,7,6,4,0
"5558",0,0,0,23,4,15,25,20,10,10,20,1,6,7,7,9,8,6,7,4,2,23,15,2,2,6,4,6,1,1,9,9,9,9,1,0,8,9,8,9,10,6,8,6,6,20,20,20,20,5,15,6,8,7,6,4,0
"5559",0,0,1,24,2,20,20,20,20,10,10,0,8,4,5,8,7,2,5,8,2,23,15,2,2,6,4,6,1,1,9,9,9,9,1,0,8,9,8,9,10,6,8,6,6,20,20,20,20,5,15,6,8,7,6,4,0
"5560",0,1,1,30,2,35,10,20,25,5,5,1,8,7,7,9,6,6,8,8,2,23,15,2,2,6,4,6,1,1,9,9,9,9,1,0,8,9,8,9,10,6,8,6,6,20,20,20,20,5,15,6,8,7,6,4,1
"5561",0,0,1,30,2,25,20,20,20,0,15,1,7,7,6,8,7,4,7,6,2,23,15,2,2,6,4,6,1,1,9,9,9,9,1,0,8,9,8,9,10,6,8,6,6,20,20,20,20,5,15,6,8,7,6,4,0
"5562",0,0,1,30,2,40,10,20,10,0,20,1,8,2,3,8,2,1,4,4,2,23,15,2,2,6,4,6,1,1,9,9,9,9,1,0,8,9,8,9,10,6,8,6,6,20,20,20,20,5,15,6,8,7,6,4,0
"5563",0,0,1,28,2,20,20,20,20,0,20,0,7,7,6,5,6,4,5,3,2,23,15,2,2,6,4,6,1,1,9,9,9,9,1,0,8,9,8,9,10,6,8,6,6,20,20,20,20,5,15,6,8,7,6,4,0
"5564",0,1,1,30,2,30,3,30,30,3,4,1,9,6,6,7,6,4,8,8,2,23,15,2,2,6,4,6,1,1,9,9,9,9,1,0,8,9,8,9,10,6,8,6,6,20,20,20,20,5,15,6,8,7,6,4,1
"5565",0,0,0,27,1,40,20,20,20,0,0,1,9,6,5,9,7,5,8,3,2,23,15,2,2,6,4,6,1,1,9,9,9,9,1,0,8,9,8,9,10,6,8,6,6,20,20,20,20,5,15,6,8,7,6,4,0
"5566",0,1,1,25,2,70,0,15,15,0,0,1,8,9,9,9,6,8,9,6,NA,23,15,2,2,6,4,6,1,1,9,9,9,9,1,0,8,9,8,9,10,6,8,6,6,20,20,20,20,5,15,6,8,7,6,4,1
